Title,Requests,Artist,Track
Helge Schneider - Bonbon aus Wurst,29,Helge Schneider ,Bonbon aus Wurst
Partyhelden - Dini Seel ä chli la bambälä la,21,Partyhelden ,Dini Seel ä chli la bambälä la
"Eure Mütter - Auweia, Shania! - Live",15,Eure Mütter ,"Auweia, Shania! - Live"
Too Bit To Fail - Feuer über Fiat,12,Too Bit To Fail ,Feuer über Fiat
Alberto Colucci - Die Sonne scheint: Tor Lilien vor - Kultversion,11,Alberto Colucci ,Die Sonne scheint: Tor Lilien vor - Kultversion
Deichkind - Drucker,9,Deichkind ,Drucker
Ronny Trettmann - Birnenpfeffi mit Zimt,8,Ronny Trettmann ,Birnenpfeffi mit Zimt
Mehnersmoos - 3 Uhr Nachts,6,Mehnersmoos ,3 Uhr Nachts
"Die Kassierer - Das schlimmste ist, wenn das Bier alle ist",6,Die Kassierer ,"Das schlimmste ist, wenn das Bier alle ist"
Marteria - El Presidente,6,Marteria ,El Presidente
Manuel Straube - Eichhörnchen in der Hose,5,Manuel Straube ,Eichhörnchen in der Hose
Rick Astley - Never Gonna Give You Up,5,Rick Astley ,Never Gonna Give You Up
Vitas - 7 элемент,4,Vitas ,7 элемент
Killermichel - Alles wegen Schwänzen,4,Killermichel ,Alles wegen Schwänzen
Torfrock - Beinhart,4,Torfrock ,Beinhart
Systemabsturz - Daten daten Daten,4,Systemabsturz ,Daten daten Daten
Nana Mouskouri - Guten Morgen Sonnenschein,4,Nana Mouskouri ,Guten Morgen Sonnenschein
Loituma - Ieva's Polka (Ievan Polkka) - Original Acapella,4,Loituma ,Ieva's Polka (Ievan Polkka) - Original Acapella
DJ Robin - Layla,4,DJ Robin ,Layla
Johnny Barrett - Ode to Satoshi,4,Johnny Barrett ,Ode to Satoshi
Jennifer Rush - Ring of Ice - Stereoact Remix,4,Jennifer Rush ,Ring of Ice - Stereoact Remix
Europe - The Final Countdown,4,Europe ,The Final Countdown
Steve ´n´ Seagulls - Thunderstruck,4,Steve ´n´ Seagulls ,Thunderstruck
Rudi Carrell - Wann wird's mal wieder richtig Sommer,4,Rudi Carrell ,Wann wird's mal wieder richtig Sommer
Die 3 Besoffskis - Wir trinken das schäumende Bier,4,Die 3 Besoffskis ,Wir trinken das schäumende Bier
Aqua - Barbie Girl,3,Aqua ,Barbie Girl
Ramones - Blitzkrieg Bop,3,Ramones ,Blitzkrieg Bop
Die Kassierer - Blumenkohl am Pillemann,3,Die Kassierer ,Blumenkohl am Pillemann
Mike Krüger - Bodo mit dem Bagger,3,Mike Krüger ,Bodo mit dem Bagger
"Expulze - Breaking News (""Rattn Tattn"")",3,Expulze ,"Breaking News (""Rattn Tattn"")"
The Holy Santa Barbara - Dance mit de Gänse,3,The Holy Santa Barbara ,Dance mit de Gänse
Rainald Grebe - Der Präsident,3,Rainald Grebe ,Der Präsident
SpongeBob Schwammkopf - Der Riss in der Hose - XXL-Version,3,SpongeBob Schwammkopf ,Der Riss in der Hose - XXL-Version
Beastie Boys - Fight For Your Right,3,Beastie Boys ,Fight For Your Right
Too Bit To Fail - FOMO,3,Too Bit To Fail ,FOMO
Blümchen - Herz an Herz,3,Blümchen ,Herz an Herz
AC/DC - Highway to Hell,3,AC/DC ,Highway to Hell
Alexander Marcus - Hundi,3,Alexander Marcus ,Hundi
The Kiffness - Ievan Polkka - Club Remix,3,The Kiffness ,Ievan Polkka - Club Remix
Henry Valentino - Im Wagen vor mir,3,Henry Valentino ,Im Wagen vor mir
Money Boy - Invincible,3,Money Boy ,Invincible
Studeyeah - Island Man,3,Studeyeah ,Island Man
Rage Against The Machine - Killing In The Name,3,Rage Against The Machine ,Killing In The Name
Peter Schilling - Major Tom (Völlig losgelöst) - Single Version,3,Peter Schilling ,Major Tom (Völlig losgelöst) - Single Version
Money Boy - Müsli,3,Money Boy ,Müsli
Nick Proof - Nordkapp,3,Nick Proof ,Nordkapp
Expulze - Polkaholica,3,Expulze ,Polkaholica
Goran Bregović - Presidente,3,Goran Bregović ,Presidente
Hustensaft Jüngling - Rarri,3,Hustensaft Jüngling ,Rarri
Sepultura - Roots Bloody Roots,3,Sepultura ,Roots Bloody Roots
"Schnappi - Schnappi, das kleine Krokodil",3,Schnappi ,"Schnappi, das kleine Krokodil"
XCHNG - Sei frei,3,XCHNG ,Sei frei
Ol' Dirty Bastard - Shimmy Shimmy Ya,3,Ol' Dirty Bastard ,Shimmy Shimmy Ya
Shaban - Sie mögen sich,3,Shaban ,Sie mögen sich
Ennio Morricone - The Ecstasy Of Gold - 2004 Remaster,3,Ennio Morricone ,The Ecstasy Of Gold - 2004 Remaster
AC/DC - Thunderstruck,3,AC/DC ,Thunderstruck
Roland Cristal - Vendetta,3,Roland Cristal ,Vendetta
Systemabsturz - Verdächtig,3,Systemabsturz ,Verdächtig
Queen - We Are The Champions,3,Queen ,We Are The Champions
Nathan Evans - Wellerman - Sea Shanty,3,Nathan Evans ,Wellerman - Sea Shanty
Siegfried Arno - Wenn die Elisabeth nicht so schöne Beine hätt',3,Siegfried Arno ,Wenn die Elisabeth nicht so schöne Beine hätt'
Helge Schneider - Wurstfachverkäuferin,3,Helge Schneider ,Wurstfachverkäuferin
"Modern Talking - You're My Heart, You're My Soul",3,Modern Talking ,"You're My Heart, You're My Soul"
"Eduard Khil - Я очень рад, ведь я, наконец, возвращаюсь домой",3,Eduard Khil ,"Я очень рад, ведь я, наконец, возвращаюсь домой"
Lo & Leduc - 079,2,Lo & Leduc ,079
Klaus Lage - 1000 und 1 Nacht (Zoom!),2,Klaus Lage ,1000 und 1 Nacht (Zoom!)
Chefdenker - 16 Ventile in Gold,2,Chefdenker ,16 Ventile in Gold
We Butter The Bread With Butter - 20 km/h,2,We Butter The Bread With Butter ,20 km/h
CRO - 8 km/h,2,CRO ,8 km/h
Schädelberg - Alles geht zugrunde,2,Schädelberg ,Alles geht zugrunde
Knorkator - Alter Mann,2,Knorkator ,Alter Mann
Monty Python - Always Look On The Bright Side Of Life,2,Monty Python ,Always Look On The Bright Side Of Life
FACE - AMG,2,FACE ,AMG
Drachenlord - Ankündigungslord,2,Drachenlord ,Ankündigungslord
Systemabsturz - Archbombe,2,Systemabsturz ,Archbombe
Raportagen - Artikel 31er,2,Raportagen ,Artikel 31er
BHZ - ATZENMODUS,2,BHZ ,ATZENMODUS
Erich-Weinert-Ensemble - Auferstanden aus Ruinen,2,Erich-Weinert-Ensemble ,Auferstanden aus Ruinen
Pilocka Krach - Ay Caramba,2,Pilocka Krach ,Ay Caramba
Dicht & Ergreifend - Bierfahrerbeifahrer,2,Dicht & Ergreifend ,Bierfahrerbeifahrer
Satoshi Nakamoto - Bitcoin,2,Satoshi Nakamoto ,Bitcoin
Heino - Blau blüht der Enzian,2,Heino ,Blau blüht der Enzian
Frank Zappa - Bobby Brown,2,Frank Zappa ,Bobby Brown
Die Toten Hosen - Bonnie & Clyde,2,Die Toten Hosen ,Bonnie & Clyde
Blümchen - Boomerang,2,Blümchen ,Boomerang
Dream Theater - Bridges in the Sky,2,Dream Theater ,Bridges in the Sky
Geier Sturzflug - Bruttosozialprodukt,2,Geier Sturzflug ,Bruttosozialprodukt
Max Romeo - Chase The Devil,2,Max Romeo ,Chase The Devil
Schnipo Schranke - Cluburlaub,2,Schnipo Schranke ,Cluburlaub
Die Draufgänger - Cordula Grün,2,Die Draufgänger ,Cordula Grün
salem ilese - Crypto ₿oy,2,salem ilese ,Crypto ₿oy
Methodman & Redman - Da Rockwilder,2,Methodman & Redman ,Da Rockwilder
German Truck Riders - Das Muss Kesseln,2,German Truck Riders ,Das Muss Kesseln
P!nk - Dear Mr. President,2,P!nk ,Dear Mr. President
Die jungen Zillertaler - Dem Land Tirol die Treue,2,Die jungen Zillertaler ,Dem Land Tirol die Treue
Udo Jürgens - Der große Abschied,2,Udo Jürgens ,Der große Abschied
DŸSE - Der Haifisch die Zähne,2,DŸSE ,Der Haifisch die Zähne
Money Boy - Der Louis Store War Zu,2,Money Boy ,Der Louis Store War Zu
Schädelberg - Der Tag steht schon fest,2,Schädelberg ,Der Tag steht schon fest
Rammstein - Deutschland,2,Rammstein ,Deutschland
Julian Sommer - Dicht im Flieger,2,Julian Sommer ,Dicht im Flieger
Georg Danzer - Die Freiheit,2,Georg Danzer ,Die Freiheit
Helge Schneider - Die Herren Politiker,2,Helge Schneider ,Die Herren Politiker
Rodgau Monotones - Die Hesse komme!,2,Rodgau Monotones ,Die Hesse komme!
Günther - Ding Dong Song - Radio Edit,2,Günther ,Ding Dong Song - Radio Edit
Why Sl Know Plug - Dip,2,Why Sl Know Plug ,Dip
Michael Schenker Group - Doctor Doctor,2,Michael Schenker Group ,Doctor Doctor
Michael Schenker Group - Doctor Doctor - Live,2,Michael Schenker Group ,Doctor Doctor - Live
Der Martin - Drei Worte Wie Ein Gedicht (Steuern Sind Raub),2,Der Martin ,Drei Worte Wie Ein Gedicht (Steuern Sind Raub)
Slipknot - Duality,2,Slipknot ,Duality
Michael Wendler - Egal,2,Michael Wendler ,Egal
Roger Whittaker - Ein bisschen Aroma - DAS ORIGINAL,2,Roger Whittaker ,Ein bisschen Aroma - DAS ORIGINAL
Grauzone - Eisbär,2,Grauzone ,Eisbär
Kontra K - Erfolg ist kein Glück,2,Kontra K ,Erfolg ist kein Glück
"Helge Schneider - Es gibt Reis, Baby",2,Helge Schneider ,"Es gibt Reis, Baby"
Dicht & Ergreifend - Es werde Dicht,2,Dicht & Ergreifend ,Es werde Dicht
Kes - Fallin,2,Kes ,Fallin
Alligatoah - Feinstaub,2,Alligatoah ,Feinstaub
atomicc - Fiat Matrix,2,atomicc ,Fiat Matrix
Grossstadtgeflüster - Fickt-Euch-Allee,2,Grossstadtgeflüster ,Fickt-Euch-Allee
Creedence Clearwater Revival - Fortunate Son,2,Creedence Clearwater Revival ,Fortunate Son
Ski Aggu - Friesenjung,2,Ski Aggu ,Friesenjung
Morten Harket - Gammal og vis,2,Morten Harket ,Gammal og vis
MoTrip - Guten Morgen NSA,2,MoTrip ,Guten Morgen NSA
Excrementory Grindfuckers - Halb & Halb,2,Excrementory Grindfuckers ,Halb & Halb
Jeff Buckley - Hallelujah,2,Jeff Buckley ,Hallelujah
Seiler und Speer - Ham kummst,2,Seiler und Speer ,Ham kummst
"Harris & Ford - Hard, Style & Volksmusik",2,Harris & Ford ,"Hard, Style & Volksmusik"
Thundermother - Hellevator,2,Thundermother ,Hellevator
Helge Schneider - Heute hab ich gute Laune,2,Helge Schneider ,Heute hab ich gute Laune
SLACKCiRCUS - Heyyeyaaeyaaaeyaeyaa (Fabulous Secret Powers),2,SLACKCiRCUS ,Heyyeyaaeyaaaeyaeyaa (Fabulous Secret Powers)
Dodo - Hippie-Bus,2,Dodo ,Hippie-Bus
Focus - Hocus Pocus,2,Focus ,Hocus Pocus
Electric Callboy - Hurrikan,2,Electric Callboy ,Hurrikan
The Lonely Island - I Just Had Sex,2,The Lonely Island ,I Just Had Sex
Technohead - I Wanna Be A Hippy,2,Technohead ,I Wanna Be A Hippy
Backstreet Boys - I Want It That Way,2,Backstreet Boys ,I Want It That Way
K.I.Z - Ich bin Adolf Hitler,2,K.I.Z ,Ich bin Adolf Hitler
Christian Steiffen - Ich fühl' mich Disco,2,Christian Steiffen ,Ich fühl' mich Disco
Alex Gold - Ich Hodl Meine Cryptos,2,Alex Gold ,Ich Hodl Meine Cryptos
Loituma - Ievan Polkka (Radio Edit),2,Loituma ,Ievan Polkka (Radio Edit)
Van Halen - Jump - 2015 Remaster,2,Van Halen ,Jump - 2015 Remaster
Helge Schneider - Katzeklo,2,Helge Schneider ,Katzeklo
"Kenning West Records - Kenning West, Alder",2,Kenning West Records ,"Kenning West, Alder"
Tiger Hifi - King Of My Castle,2,Tiger Hifi ,King Of My Castle
Kleiner Hai - Kleiner Hai (Dim Dim...),2,Kleiner Hai ,Kleiner Hai (Dim Dim...)
Kleiner Hai - Kleiner Hai (Dim Dim),2,Kleiner Hai ,Kleiner Hai (Dim Dim)
Heilung - Krigsgaldr,2,Heilung ,Krigsgaldr
Roland Cristal - La Pantera,2,Roland Cristal ,La Pantera
Money Boy - Lederjacke,2,Money Boy ,Lederjacke
Ernst Busch - Lied der Partei (1950),2,Ernst Busch ,Lied der Partei (1950)
Sean Koch - Lift You Up,2,Sean Koch ,Lift You Up
Teddy Teclebrhan - Lohn Isch Da,2,Teddy Teclebrhan ,Lohn Isch Da
Clint Mansell - Lux Aeterna,2,Clint Mansell ,Lux Aeterna
Mehnersmoos - Mafikke,2,Mehnersmoos ,Mafikke
ABBA - Mamma Mia,2,ABBA ,Mamma Mia
"Tante Emma - Marmor, Stein und Eisen bricht",2,Tante Emma ,"Marmor, Stein und Eisen bricht"
Eure Mütter - Mein Sack,2,Eure Mütter ,Mein Sack
Jeans Team - Menschen,2,Jeans Team ,Menschen
Badesalz - Mitesszentrale,2,Badesalz ,Mitesszentrale
Danzig - Mother,2,Danzig ,Mother
Dimmu Borgir - Mourning Palace,2,Dimmu Borgir ,Mourning Palace
John Miles - Music,2,John Miles ,Music
The Red Army Choir - National Anthem of the Ussr,2,The Red Army Choir ,National Anthem of the Ussr
Jogger - Nephicide,2,Jogger ,Nephicide
AFROJACK - No Beef (feat. Miss Palmer) - Radio Edit,2,AFROJACK ,No Beef (feat. Miss Palmer) - Radio Edit
Serani - No Games,2,Serani ,No Games
Bob Marley & The Wailers - One Love / People Get Ready - Medley,2,Bob Marley & The Wailers ,One Love / People Get Ready - Medley
Brooks & Dunn - Only In America,2,Brooks & Dunn ,Only In America
Def Leppard - Pour Some Sugar On Me,2,Def Leppard ,Pour Some Sugar On Me
Endor - Pump It Up,2,Endor ,Pump It Up
Rammstein - Pussy,2,Rammstein ,Pussy
Adam & die Micky's - Quellkartoffel un Dupp-Dupp,2,Adam & die Micky's ,Quellkartoffel un Dupp-Dupp
Golden Earring - Radar Love,2,Golden Earring ,Radar Love
Imagine Dragons - Radioactive,2,Imagine Dragons ,Radioactive
NATTI NATASHA - Ram Pam Pam,2,NATTI NATASHA ,Ram Pam Pam
Yeat - Rav3 p4rty (feat. Kranky Kranky),2,Yeat ,Rav3 p4rty (feat. Kranky Kranky)
Etana - Reggae - Single,2,Etana ,Reggae - Single
Klemens Werner - Ride On,2,Klemens Werner ,Ride On
Metallica - Ride The Lightning - Remastered,2,Metallica ,Ride The Lightning - Remastered
Spiritbox - Rotoscope,2,Spiritbox ,Rotoscope
Money Boy - Rummelplatz,2,Money Boy ,Rummelplatz
Anime Allstars - Sag das Zauberwort (Sailor Moon),2,Anime Allstars ,Sag das Zauberwort (Sailor Moon)
Fettes Brot - Schwule Mädchen,2,Fettes Brot ,Schwule Mädchen
ZZ Top - Sharp Dressed Man - 2008 Remaster,2,ZZ Top ,Sharp Dressed Man - 2008 Remaster
Drachenlord - Skrrr Skrrr,2,Drachenlord ,Skrrr Skrrr
Deep Purple - Smoke on the Water,2,Deep Purple ,Smoke on the Water
[:SITD:] - Snuff Machinery (Club Version),2,[:SITD:] ,Snuff Machinery (Club Version)
Bilderbuch - Softpower,2,Bilderbuch ,Softpower
"Helge Schneider - Sommer, Sonne, Kaktus!",2,Helge Schneider ,"Sommer, Sonne, Kaktus!"
Dave - Sprinter,2,Dave ,Sprinter
Die Stoakogler - Steirermen san very good - Neuaufnahme 2011,2,Die Stoakogler ,Steirermen san very good - Neuaufnahme 2011
Dr. Dre - Still D.R.E.,2,Dr. Dre ,Still D.R.E.
"Dresdner Kreuzchor - Stille Nacht, heilige Nacht",2,Dresdner Kreuzchor ,"Stille Nacht, heilige Nacht"
RAF Camora - Strada,2,RAF Camora ,Strada
Dorfrocker - Supergeile Blasmusik,2,Dorfrocker ,Supergeile Blasmusik
"Ludwig van Beethoven - Symphony No. 5 in C Minor, Op. 67: 1. Allegro con brio",2,Ludwig van Beethoven ,"Symphony No. 5 in C Minor, Op. 67: 1. Allegro con brio"
"Ludwig van Beethoven - Symphony No. 5 In C Minor, Op. 67: 3. Allegro",2,Ludwig van Beethoven ,"Symphony No. 5 In C Minor, Op. 67: 3. Allegro"
Electric Callboy - Tekkno Train,2,Electric Callboy ,Tekkno Train
Bone Thugs-N-Harmony - Tha Crossroads,2,Bone Thugs-N-Harmony ,Tha Crossroads
Hampster Dance Masters - The Hamster Dance Song,2,Hampster Dance Masters ,The Hamster Dance Song
Fritz - Thüringer Klöße - Radio Version,2,Fritz ,Thüringer Klöße - Radio Version
HGich.T - Tutenchamun,2,HGich.T ,Tutenchamun
J.B.O. - Verteidiger des Blödsinns,2,J.B.O. ,Verteidiger des Blödsinns
Vengaboys - We Like To Party! (The Vengabus),2,Vengaboys ,We Like To Party! (The Vengabus)
"Lukas Köpping - Wenn du mich so fragst, ein Pils",2,Lukas Köpping ,"Wenn du mich so fragst, ein Pils"
Louis Armstrong - What A Wonderful World,2,Louis Armstrong ,What A Wonderful World
Scorpions - Wind Of Change,2,Scorpions ,Wind Of Change
Mrs. Miller - Yellow Submarine - Remastered,2,Mrs. Miller ,Yellow Submarine - Remastered
"Эдуард Хиль - Я очень рад, ведь я, наконец, возвращаюсь домой (Тро-ло-ло)(Вокализ)",2,Эдуард Хиль ,"Я очень рад, ведь я, наконец, возвращаюсь домой (Тро-ло-ло)(Вокализ)"
Hanni und Nanni - 062 - Üble Verschwörung gegen Hanni und Nanni - Teil 02,1,Hanni und Nanni ,062 - Üble Verschwörung gegen Hanni und Nanni - Teil 02
First-Future - 1 g,1,First-Future ,1 g
GPC - 1000€ in 20nies,1,GPC ,1000€ in 20nies
Kofelgschroa - 10minutentakt,1,Kofelgschroa ,10minutentakt
Kevin Sherwood - 115 - Remastered,1,Kevin Sherwood ,115 - Remastered
No Future - 147 Täg,1,No Future ,147 Täg
Asking Alexandria - 18 And Life,1,Asking Alexandria ,18 And Life
Mehnersmoos - 20 CM,1,Mehnersmoos ,20 CM
Gigi - 21 Lektionen.2 - 21 Lektionen,1,Gigi ,21 Lektionen.2 - 21 Lektionen
Lùnapop - 50 Special,1,Lùnapop ,50 Special
Coup - 500,1,Coup ,500
The Hooters - 500 Miles,1,The Hooters ,500 Miles
Toots & The Maytals - 54-46 Was My Number,1,Toots & The Maytals ,54-46 Was My Number
Lil Wayne - 6 Foot 7 Foot,1,Lil Wayne ,6 Foot 7 Foot
Dolly Parton - 9 to 5,1,Dolly Parton ,9 to 5
Walter Murphy - A Fifth Of Beethoven,1,Walter Murphy ,A Fifth Of Beethoven
America - A Horse with No Name,1,America ,A Horse with No Name
Ugly Duckling - A Little Samba,1,Ugly Duckling ,A Little Samba
Rodríguez - A Most Disgusting Song,1,Rodríguez ,A Most Disgusting Song
John Swihart - A-Team Theme,1,John Swihart ,A-Team Theme
Lemur - Abendlandboogie,1,Lemur ,Abendlandboogie
FiNCH - Abfahrt,1,FiNCH ,Abfahrt
257ers - Abgehn!,1,257ers ,Abgehn!
DŸSE - Achtneunneunnull,1,DŸSE ,Achtneunneunnull
Billy Ray Cyrus - Achy Breaky Heart,1,Billy Ray Cyrus ,Achy Breaky Heart
Regal - Acid Is The Answer,1,Regal ,Acid Is The Answer
Richie Hawtin - Acid King - Full Tilt Mix,1,Richie Hawtin ,Acid King - Full Tilt Mix
Wizo - Adagio,1,Wizo ,Adagio
System Of A Down - Aerials,1,System Of A Down ,Aerials
Tito & Tarantula - After Dark - 2015 Remaster,1,Tito & Tarantula ,After Dark - 2015 Remaster
The Sounds Of Garth Brooks - Against The Grain,1,The Sounds Of Garth Brooks ,Against The Grain
Gringo Mayer - Ahjoo,1,Gringo Mayer ,Ahjoo
Prolopower - Aldi Schnaps,1,Prolopower ,Aldi Schnaps
Kinderserien - Alfred Jodocus Kwak (Intro) - Klavierversion,1,Kinderserien ,Alfred Jodocus Kwak (Intro) - Klavierversion
Mehnersmoos - Alkonüme Hühner,1,Mehnersmoos ,Alkonüme Hühner
Jimi Hendrix - All Along the Watchtower,1,Jimi Hendrix ,All Along the Watchtower
Parov Stelar - All Night,1,Parov Stelar ,All Night
Converge - All We Love We Leave Behind,1,Converge ,All We Love We Leave Behind
Bosse - Alles ist jetzt,1,Bosse ,Alles ist jetzt
DŸSE - Alles ist meins,1,DŸSE ,Alles ist meins
"Ralf ""Ralle"" Petersen - Alles wird aus Hack gemacht - Original Version",1,"Ralf ""Ralle"" Petersen ",Alles wird aus Hack gemacht - Original Version
Decubitus - Allez Les Bleus,1,Decubitus ,Allez Les Bleus
swissmom - Alli mini Äntli,1,swissmom ,Alli mini Äntli
Stromae - Alors on danse - Radio Edit,1,Stromae ,Alors on danse - Radio Edit
Eric Idle - Always Look on the Bright Side of Life,1,Eric Idle ,Always Look on the Bright Side of Life
Mr Weebl - Amazing Horse,1,Mr Weebl ,Amazing Horse
Bad Religion - American Jesus - Live,1,Bad Religion ,American Jesus - Live
Lane 8 - And We Knew It Was Our Time,1,Lane 8 ,And We Knew It Was Our Time
DJ Mösi - Anette,1,DJ Mösi ,Anette
Vulfpeck - Animal Spirits,1,Vulfpeck ,Animal Spirits
Tom Gabel - Anna Is a Stool Pigeon,1,Tom Gabel ,Anna Is a Stool Pigeon
DJ Ötzi - Anton aus Tirol - Silverjam RMX,1,DJ Ötzi ,Anton aus Tirol - Silverjam RMX
Gutalax - Anus Ice Cream,1,Gutalax ,Anus Ice Cream
Giancarlo Ferrari - Apparente Libertà,1,Giancarlo Ferrari ,Apparente Libertà
TURBOBIER - Arbeitslos durch den Tag,1,TURBOBIER ,Arbeitslos durch den Tag
Neophyte - Army Of Hardcore,1,Neophyte ,Army Of Hardcore
Sido - Arschficksong,1,Sido ,Arschficksong
Otto Waalkes - Arschgesicht - Africa [Live],1,Otto Waalkes ,Arschgesicht - Africa [Live]
Backstreet Boys - As Long as You Love Me,1,Backstreet Boys ,As Long as You Love Me
Billie The Vision & The Dancers - Ask for More,1,Billie The Vision & The Dancers ,Ask for More
Masked Wolf - Astronaut In The Ocean,1,Masked Wolf ,Astronaut In The Ocean
Helene Fischer - Atemlos durch die Nacht,1,Helene Fischer ,Atemlos durch die Nacht
Clueso - Auch Im Bentley Wird Geweint,1,Clueso ,Auch Im Bentley Wird Geweint
Chor des Kameradschaftsbundes Frankfurt/M und großes Blasorchester - Auf Der Heide Blüht Ein Kleines Blümelein (Erika),1,Chor des Kameradschaftsbundes Frankfurt/M und großes Blasorchester ,Auf Der Heide Blüht Ein Kleines Blümelein (Erika)
Ernst Hutter & Die Egerländer Musikanten - Auf der Vogelwiese,1,Ernst Hutter & Die Egerländer Musikanten ,Auf der Vogelwiese
Jürgen von der Lippe - Aufguss 09 - Live,1,Jürgen von der Lippe ,Aufguss 09 - Live
Johanna von Koczian - Aufsteh'n ist schön,1,Johanna von Koczian ,Aufsteh'n ist schön
Seeed - Aufstehn! (feat. CeeLo Green),1,Seeed ,Aufstehn! (feat. CeeLo Green)
Wanda - Auseinandergehen ist schwer - Live,1,Wanda ,Auseinandergehen ist schwer - Live
Katastrophen Trio - Auto kaputt,1,Katastrophen Trio ,Auto kaputt
Ohrbooten - Autobahn,1,Ohrbooten ,Autobahn
Chris Trapper - Avalanche,1,Chris Trapper ,Avalanche
Heaven Shall Burn - Awoken (Intro),1,Heaven Shall Burn ,Awoken (Intro)
Andrew Bond - Baarfuessindiaaner,1,Andrew Bond ,Baarfuessindiaaner
Justin Bieber - Baby,1,Justin Bieber ,Baby
257ers - Baby du riechst,1,257ers ,Baby du riechst
Pinkfong - Baby Shark,1,Pinkfong ,Baby Shark
Leo - Baby Shark (Metal Version),1,Leo ,Baby Shark (Metal Version)
Paula Hartmann - Babyblau,1,Paula Hartmann ,Babyblau
Seasick Steve - Back In The Doghouse,1,Seasick Steve ,Back In The Doghouse
DJ Mösi - Badewasser,1,DJ Mösi ,Badewasser
JellyBug - Badger Badger Badger,1,JellyBug ,Badger Badger Badger
Enrique Iglesias - Bailando - Spanish Version,1,Enrique Iglesias ,Bailando - Spanish Version
Money Boy - Ballen Ohne Ball,1,Money Boy ,Ballen Ohne Ball
elo - Bam Bam,1,elo ,Bam Bam
Oliver Onions - Banana Joe (feat. Bud Spencer),1,Oliver Onions ,Banana Joe (feat. Bud Spencer)
Skrillex - Bangarang (feat. Sirah),1,Skrillex ,Bangarang (feat. Sirah)
Prolopower - Bänkerschwein,1,Prolopower ,Bänkerschwein
Green Day - Basket Case,1,Green Day ,Basket Case
Zaunpfahl - Baum Gepflanzt,1,Zaunpfahl ,Baum Gepflanzt
Dub Trio - Bay Vs. Leonard,1,Dub Trio ,Bay Vs. Leonard
Sefa - Be Free,1,Sefa ,Be Free
Dua Lipa - Be The One,1,Dua Lipa ,Be The One
Afroman - Because I Got High - Extended Version,1,Afroman ,Because I Got High - Extended Version
Lemur - Befehlskette,1,Lemur ,Befehlskette
Headhunterz - Before I Wake,1,Headhunterz ,Before I Wake
Danger Dan - Beginne jeden Tag mit einem Lächeln,1,Danger Dan ,Beginne jeden Tag mit einem Lächeln
"We Butter The Bread With Butter - Berlin, Berlin!",1,We Butter The Bread With Butter ,"Berlin, Berlin!"
Brain Drill - Beyond Bludgeoned,1,Brain Drill ,Beyond Bludgeoned
Bibi Blocksberg - Bibi Blocksberg Lied,1,Bibi Blocksberg ,Bibi Blocksberg Lied
Bibi und Tina - Bibi und Tina Lied,1,Bibi und Tina ,Bibi und Tina Lied
Little Big - Big Dick,1,Little Big ,Big Dick
Dozer - Big Sky Theory,1,Dozer ,Big Sky Theory
Peter Gabriel - Biko,1,Peter Gabriel ,Biko
Mehnersmoos - Bir,1,Mehnersmoos ,Bir
Rapbellions - Bisschen mehr Rapbellions,1,Rapbellions ,Bisschen mehr Rapbellions
Captain Youth - Bitcoin,1,Captain Youth ,Bitcoin
Money Boy - Bitcoin,1,Money Boy ,Bitcoin
YTCracker - Bitcoin Baron,1,YTCracker ,Bitcoin Baron
atomicc - Bitcoiner,1,atomicc ,Bitcoiner
Capital Bra - Bitcoins (feat. Farid Bang),1,Capital Bra ,Bitcoins (feat. Farid Bang)
Edwan - Bitconnect,1,Edwan ,Bitconnect
Wardruna - Bjarkan,1,Wardruna ,Bjarkan
Soundgarden - Black Hole Sun,1,Soundgarden ,Black Hole Sun
Heaven Shall Burn - Black Tears,1,Heaven Shall Burn ,Black Tears
Torch - Blauer Schein,1,Torch ,Blauer Schein
Trailerpark - Bleib in der Schule,1,Trailerpark ,Bleib in der Schule
Wizo - Bleib Tapfer,1,Wizo ,Bleib Tapfer
Muff Potter - Blitzkredit Bop,1,Muff Potter ,Blitzkredit Bop
Eiffel 65 - Blue (Da Ba Dee) - Gabry Ponte Ice Pop Radio,1,Eiffel 65 ,Blue (Da Ba Dee) - Gabry Ponte Ice Pop Radio
Herbert Grönemeyer - Bochum - Live / Remastered 2016,1,Herbert Grönemeyer ,Bochum - Live / Remastered 2016
Queen - Bohemian Rhapsody - Remastered 2011,1,Queen ,Bohemian Rhapsody - Remastered 2011
Marko Perković Thompson - Bojna Čavoglave,1,Marko Perković Thompson ,Bojna Čavoglave
London Symphony Orchestra - Boléro (Ravel),1,London Symphony Orchestra ,Boléro (Ravel)
Slipknot - Bone Church,1,Slipknot ,Bone Church
Manu Chao - Bongo Bong,1,Manu Chao ,Bongo Bong
SXTN - Bongzimmer,1,SXTN ,Bongzimmer
Prolopower - Bonus-Dreck Modenschau in Oberammergau,1,Prolopower ,Bonus-Dreck Modenschau in Oberammergau
DŸSE - Bonzengulasch,1,DŸSE ,Bonzengulasch
Apache Indian - Boom Shak-A-Lak (2016 Redux),1,Apache Indian ,Boom Shak-A-Lak (2016 Redux)
Mr. Hurley & Die Pulveraffen - Booty Island,1,Mr. Hurley & Die Pulveraffen ,Booty Island
Underworld - Born Slippy (Nuxx),1,Underworld ,Born Slippy (Nuxx)
Rainald Grebe & Die Kapelle der Versöhnung - Böses CO2,1,Rainald Grebe & Die Kapelle der Versöhnung ,Böses CO2
I Prevail - Bow Down,1,I Prevail ,Bow Down
PinkPantheress - Boy's a Liar Pt. 2,1,PinkPantheress ,Boy's a Liar Pt. 2
NOMA - Brain Power - Long Version,1,NOMA ,Brain Power - Long Version
Green Day - Brain Stew,1,Green Day ,Brain Stew
Frenkie - Bratmoi,1,Frenkie ,Bratmoi
Rummelsnuff - Bratwurstzange,1,Rummelsnuff ,Bratwurstzange
"Christian ""Boni"" Koller - Bravo Hugo",1,"Christian ""Boni"" Koller ",Bravo Hugo
Linkin Park - Breaking the Habit,1,Linkin Park ,Breaking the Habit
Hubert von Goisern - Brenna tuats guat,1,Hubert von Goisern ,Brenna tuats guat
Art Garfunkel - Bright Eyes,1,Art Garfunkel ,Bright Eyes
UB40 - Bring Me Your Cup,1,UB40 ,Bring Me Your Cup
Wir sind Helden - Bring mich nach Hause,1,Wir sind Helden ,Bring mich nach Hause
Imbiss Bronko - Bronko ist ein Model,1,Imbiss Bronko ,Bronko ist ein Model
"Wolfgang Petry - Bronze, Silber und Gold - Radio Version",1,Wolfgang Petry ,"Bronze, Silber und Gold - Radio Version"
Modern Talking - Brother Louie,1,Modern Talking ,Brother Louie
Konshens - Bruk Off Yuh Back (feat. Chris Brown),1,Konshens ,Bruk Off Yuh Back (feat. Chris Brown)
"SDP - Bullen, Schweine",1,SDP ,"Bullen, Schweine"
Rage Against The Machine - Bulls On Parade,1,Rage Against The Machine ,Bulls On Parade
Ikke Hüftgold - Bumsbar,1,Ikke Hüftgold ,Bumsbar
Dimmu Borgir - Burn in Hell,1,Dimmu Borgir ,Burn in Hell
DOWN - Bury Me in Smoke,1,DOWN ,Bury Me in Smoke
Peter Tosh - Bush Doctor - Long Version; 2002 Remaster,1,Peter Tosh ,Bush Doctor - Long Version; 2002 Remaster
Money Boy - Butterfly Effect,1,Money Boy ,Butterfly Effect
Delinquent Habits - California,1,Delinquent Habits ,California
Freischwimmer - California Dreamin - Extended Mix,1,Freischwimmer ,California Dreamin - Extended Mix
Red Hot Chili Peppers - Can't Stop,1,Red Hot Chili Peppers ,Can't Stop
Dune - Can‘t Stop Raving,1,Dune ,Can‘t Stop Raving
DIKKA - Candyshop,1,DIKKA ,Candyshop
TIP_NZ - Cantillionaires Game,1,TIP_NZ ,Cantillionaires Game
John Williams - Cantina Band,1,John Williams ,Cantina Band
Todd Canedy - Captain Future - Main Theme,1,Todd Canedy ,Captain Future - Main Theme
Сто-Личный Она-Нас - Capybara,1,Сто-Личный Она-Нас ,Capybara
Sounds Dogs Love - Car Horns - Classic Dog Reactions,1,Sounds Dogs Love ,Car Horns - Classic Dog Reactions
Caramella Girls - Caramelldansen,1,Caramella Girls ,Caramelldansen
Carl Orff - Carmina Burana: O Fortuna,1,Carl Orff ,Carmina Burana: O Fortuna
BABYMETAL - Catch Me If You Can,1,BABYMETAL ,Catch Me If You Can
SASSO - Cercatrova,1,SASSO ,Cercatrova
Anime Allstars - Cha-La Head Cha-La (Dragonball Z),1,Anime Allstars ,Cha-La Head Cha-La (Dragonball Z)
El Chombo - Chacarron - Radio Edit,1,El Chombo ,Chacarron - Radio Edit
Buena Vista Social Club - Chan Chan - 2021 Remaster,1,Buena Vista Social Club ,Chan Chan - 2021 Remaster
Sia - Chandelier,1,Sia ,Chandelier
Sia - Chandelier - Live from The Village,1,Sia ,Chandelier - Live from The Village
Hecht - Charlotta,1,Hecht ,Charlotta
MÖWE - Chasing Clouds,1,MÖWE ,Chasing Clouds
Wisdom In Chains - Chasing the Dragon,1,Wisdom In Chains ,Chasing the Dragon
Wolfgang Amadeus Mozart - Che soave zeffiretto,1,Wolfgang Amadeus Mozart ,Che soave zeffiretto
Modern Talking - Cheri Cheri Lady,1,Modern Talking ,Cheri Cheri Lady
Nicola Conti - Chi cerca trova,1,Nicola Conti ,Chi cerca trova
"Deep Purple - Child In Time - Live In Osaka, Japan / 16th August 1972 / 2014 Remaster",1,Deep Purple ,"Child In Time - Live In Osaka, Japan / 16th August 1972 / 2014 Remaster"
Christopher Martin - Chill Spot,1,Christopher Martin ,Chill Spot
Beginner - City Blues,1,Beginner ,City Blues
Gzuz - CL500,1,Gzuz ,CL500
The Rah Band - Clouds Across the Moon - Extended 12' Mix,1,The Rah Band ,Clouds Across the Moon - Extended 12' Mix
Tom MacDonald - Clown World,1,Tom MacDonald ,Clown World
Udo Lindenberg - Club der Millionäre,1,Udo Lindenberg ,Club der Millionäre
Dolly Parton - Coat of Many Colors,1,Dolly Parton ,Coat of Many Colors
Money Boy - Cocaine Im Pyrex,1,Money Boy ,Cocaine Im Pyrex
New Kingston - Come from Far,1,New Kingston ,Come from Far
Tarrus Riley - Cool Me Down,1,Tarrus Riley ,Cool Me Down
CRO - Cop Love,1,CRO ,Cop Love
Rednex - Cotton Eye Joe,1,Rednex ,Cotton Eye Joe
Bob Marley & The Wailers - Could You Be Loved,1,Bob Marley & The Wailers ,Could You Be Loved
Pantera - Cowboys from Hell,1,Pantera ,Cowboys from Hell
Noisestorm - Crab Rave,1,Noisestorm ,Crab Rave
Lxgik Jxhnsxn - Crack and Cocaine,1,Lxgik Jxhnsxn ,Crack and Cocaine
Money Boy - Crackheads,1,Money Boy ,Crackheads
Big Joanie - Cranes In The Sky,1,Big Joanie ,Cranes In The Sky
Me First and the Gimme Gimmes - Crazy,1,Me First and the Gimme Gimmes ,Crazy
Ozzy Osbourne - Crazy Train,1,Ozzy Osbourne ,Crazy Train
Wu-Tang Clan - Cream,1,Wu-Tang Clan ,Cream
Massive Töne - Cruisen,1,Massive Töne ,Cruisen
Coolio - Cruisin',1,Coolio ,Cruisin'
Players Since Creation - Cruisin' - Huey Lewis and Gwyneth Paltrow,1,Players Since Creation ,Cruisin' - Huey Lewis and Gwyneth Paltrow
Alter Bridge - Cry of Achilles,1,Alter Bridge ,Cry of Achilles
Vittorio Monti - Csárdás,1,Vittorio Monti ,Csárdás
Money Boy - Curry,1,Money Boy ,Curry
Herbert Grönemeyer - Currywurst,1,Herbert Grönemeyer ,Currywurst
DJ Blyatman - Cyka Blyat,1,DJ Blyatman ,Cyka Blyat
Bodo Wartke - Da muß er durch,1,Bodo Wartke ,Da muß er durch
Heinz Rudolf Kunze - Dagegen,1,Heinz Rudolf Kunze ,Dagegen
Oliver Schories - Daily Routines,1,Oliver Schories ,Daily Routines
Ethic Entertainment - Daktari,1,Ethic Entertainment ,Daktari
Gorilla Monsoon - Damage King,1,Gorilla Monsoon ,Damage King
Ghost - Dance Macabre,1,Ghost ,Dance Macabre
"Eure Mütter - Dance, Dance, Dance - Live",1,Eure Mütter ,"Dance, Dance, Dance - Live"
Loreena McKennitt - Dante's Prayer,1,Loreena McKennitt ,Dante's Prayer
Kinderlieder-Superstar - Das ABC-Lied,1,Kinderlieder-Superstar ,Das ABC-Lied
Silbermond - Das Beste,1,Silbermond ,Das Beste
B.O. - Das Borussenlied (Alt und neu),1,B.O. ,Das Borussenlied (Alt und neu)
Hofbräu-Regiment - Das Donaulied,1,Hofbräu-Regiment ,Das Donaulied
Lemur - Das Gaslicht,1,Lemur ,Das Gaslicht
Danger Dan - Das ist alles von der Kunstfreiheit gedeckt,1,Danger Dan ,Das ist alles von der Kunstfreiheit gedeckt
August Heinrich Hoffmann von Fallersleben - Das Lied der Deutschen,1,August Heinrich Hoffmann von Fallersleben ,Das Lied der Deutschen
Vader Abraham - Das Lied der Schlümpfe,1,Vader Abraham ,Das Lied der Schlümpfe
Eure Mütter - Das Machen Wir Zusammen,1,Eure Mütter ,Das Machen Wir Zusammen
Blödel Allstars - Das muss kesseln,1,Blödel Allstars ,Das muss kesseln
Madison Band - Das Paderborn-Lied - Radio Version,1,Madison Band ,Das Paderborn-Lied - Radio Version
Wise Guys - Das Sägewerk Bad Segeberg,1,Wise Guys ,Das Sägewerk Bad Segeberg
Ana Nikolić - Đavo,1,Ana Nikolić ,Đavo
Eluveitie - De Ruef Vo De Bärge,1,Eluveitie ,De Ruef Vo De Bärge
Alpentrio Tirol - Dem Land Tirol Die Treue,1,Alpentrio Tirol ,Dem Land Tirol Die Treue
Militärmusik Tirol - Dem Land Tirol Die Treue,1,Militärmusik Tirol ,Dem Land Tirol Die Treue
Rise Of The Northstar - Demonstrating My Saiya Style,1,Rise Of The Northstar ,Demonstrating My Saiya Style
Money Boy - Deppen die rappen,1,Money Boy ,Deppen die rappen
Klaus & Klaus - Der Eiermann,1,Klaus & Klaus ,Der Eiermann
Culture Beat - Der Erdbeermund,1,Culture Beat ,Der Erdbeermund
Antonio Vivaldi - Der Frühling - Die Vier Jahreszeiten (Spring - The Four Seasons),1,Antonio Vivaldi ,Der Frühling - Die Vier Jahreszeiten (Spring - The Four Seasons)
DJ Ötzi - Der hellste Stern (Böhmischer Traum) - Silverjam Mix,1,DJ Ötzi ,Der hellste Stern (Böhmischer Traum) - Silverjam Mix
Wolfgang Petry - Der Himmel brennt,1,Wolfgang Petry ,Der Himmel brennt
MC Bomber - Der Hustler,1,MC Bomber ,Der Hustler
SSIO - Der Kanalreiniger,1,SSIO ,Der Kanalreiniger
Fredl Fesl - Der Königsjodler - Live,1,Fredl Fesl ,Der Königsjodler - Live
Dennis & Jesko - Der Messi-Ronaldo Song (GOAT),1,Dennis & Jesko ,Der Messi-Ronaldo Song (GOAT)
B-Tight - Der Neger,1,B-Tight ,Der Neger
Mike Krüger - Der Nippel - Remastered,1,Mike Krüger ,Der Nippel - Remastered
Hurra Kinderlieder - Der Pavianpopo,1,Hurra Kinderlieder ,Der Pavianpopo
Joint Venture - Der Tag Des Herrn II,1,Joint Venture ,Der Tag Des Herrn II
Marla Glen - Destiny (To Get Up Again),1,Marla Glen ,Destiny (To Get Up Again)
Mehnersmoos - Deutsche Reich,1,Mehnersmoos ,Deutsche Reich
Westernhagen - Dicke,1,Westernhagen ,Dicke
Rammstein - Dicke Titten,1,Rammstein ,Dicke Titten
Trey Lewis - Dicked Down in Dallas,1,Trey Lewis ,Dicked Down in Dallas
Karel Gott - Die Biene Maja,1,Karel Gott ,Die Biene Maja
Christian Steiffen - Die dicksten Eier der Welt,1,Christian Steiffen ,Die dicksten Eier der Welt
Böhse Onkelz - Die Firma,1,Böhse Onkelz ,Die Firma
Die Wildecker Herzbuben - Die Fischerin vom Bodensee,1,Die Wildecker Herzbuben ,Die Fischerin vom Bodensee
Nena - Die Gedanken sind frei,1,Nena ,Die Gedanken sind frei
Hannes Wader - Die Gedanken sind frei - Live,1,Hannes Wader ,Die Gedanken sind frei - Live
Jan Hegenberg - Die Horde rennt,1,Jan Hegenberg ,Die Horde rennt
"Großer Chor Des Berliner Rundfunks - Die Internationale (Wacht auf, Verdammte dieser Erde) - Live",1,Großer Chor Des Berliner Rundfunks ,"Die Internationale (Wacht auf, Verdammte dieser Erde) - Live"
Fritz Stingl - die Lösung,1,Fritz Stingl ,die Lösung
Susanne Blech - Die Maschinen laufen heiß,1,Susanne Blech ,Die Maschinen laufen heiß
F&K - Die mit dem roten Halsband - Original Club Mix,1,F&K ,Die mit dem roten Halsband - Original Club Mix
F&K - Die mit dem roten Halsband - Original Werbung,1,F&K ,Die mit dem roten Halsband - Original Werbung
Finger & Kadel - Die mit dem roten Halsband 2.0 - Radio Edit,1,Finger & Kadel ,Die mit dem roten Halsband 2.0 - Radio Edit
Die Hinichen - Die Muschi von der Uschi,1,Die Hinichen ,Die Muschi von der Uschi
Adam - Die Runkelreuweroppmaschin,1,Adam ,Die Runkelreuweroppmaschin
DJ Mösi - Die Saunamasseuse,1,DJ Mösi ,Die Saunamasseuse
Die Apokalyptischen Reiter - Die Sonne scheint,1,Die Apokalyptischen Reiter ,Die Sonne scheint
Die Prinzen - Die Vögel,1,Die Prinzen ,Die Vögel
Giuseppe Verdi - Dies Irae,1,Giuseppe Verdi ,Dies Irae
Feestteam - Dikke Tieten Kartoffelsalat (Strakke Blouse Mix),1,Feestteam ,Dikke Tieten Kartoffelsalat (Strakke Blouse Mix)
Milking the Goatmachine - Ding Dong,1,Milking the Goatmachine ,Ding Dong
Eisenvater - DingDong - Die Hexe ist tot,1,Eisenvater ,DingDong - Die Hexe ist tot
"Nora Van Elken - Dire, Dire Docks",1,Nora Van Elken ,"Dire, Dire Docks"
Tom MacDonald - Dirty Money,1,Tom MacDonald ,Dirty Money
Alexander Marcus - Disco La Cola,1,Alexander Marcus ,Disco La Cola
BABYMETAL - Doki Doki ☆ Morning,1,BABYMETAL ,Doki Doki ☆ Morning
Kill The Noise - Dolphin On Wheels,1,Kill The Noise ,Dolphin On Wheels
Electric Light Orchestra - Don't Bring Me Down,1,Electric Light Orchestra ,Don't Bring Me Down
Peter Gabriel - Don't Give Up,1,Peter Gabriel ,Don't Give Up
Cinderella - Don't Know What You Got (Till It's Gone),1,Cinderella ,Don't Know What You Got (Till It's Gone)
Oasis - Don't Look Back In Anger,1,Oasis ,Don't Look Back In Anger
Journey - Don't Stop Believin',1,Journey ,Don't Stop Believin'
Queen - Don't Stop Me Now,1,Queen ,Don't Stop Me Now
Tenacious D - Double Team,1,Tenacious D ,Double Team
Mani Matter - Dr Alpeflug - Live,1,Mani Matter ,Dr Alpeflug - Live
O-Zone - Dragostea din tei,1,O-Zone ,Dragostea din tei
Mark Farina - Dream Machine - Downtempo Mix,1,Mark Farina ,Dream Machine - Downtempo Mix
We Butter The Bread With Butter - Dreh auf!,1,We Butter The Bread With Butter ,Dreh auf!
Money Boy - Dreh den Swag auf,1,Money Boy ,Dreh den Swag auf
Alan Jackson - Drive (For Daddy Gene),1,Alan Jackson ,Drive (For Daddy Gene)
Thundermother - Driving In Style,1,Thundermother ,Driving In Style
Die Zukunft - Drogen nehmen und rumfahren,1,Die Zukunft ,Drogen nehmen und rumfahren
Andrew Bond - Drüü blutti Müüs,1,Andrew Bond ,Drüü blutti Müüs
Niels Frevert - Du kannst mich an der Ecke rauslassen,1,Niels Frevert ,Du kannst mich an der Ecke rauslassen
Wolf Biermann - Du laß' dich nicht verhärten,1,Wolf Biermann ,Du laß' dich nicht verhärten
Die Sterne - Du musst gar nix,1,Die Sterne ,Du musst gar nix
Ganz Schön Feist - Du Willst Immer Nur F***** - Live,1,Ganz Schön Feist ,Du Willst Immer Nur F***** - Live
"Dieter Hallervorden - Du, die Wanne ist voll",1,Dieter Hallervorden ,"Du, die Wanne ist voll"
Dicht & Ergreifend - Duadaso,1,Dicht & Ergreifend ,Duadaso
Adrian Mills - Dumm Gehen,1,Adrian Mills ,Dumm Gehen
Burzum - Dunkelheit,1,Burzum ,Dunkelheit
Tokio Hotel - Durch den Monsun - Radio Mix,1,Tokio Hotel ,Durch den Monsun - Radio Mix
DCVDNS - Eigentlich Wollte Nate Dogg Die Hook Singen,1,DCVDNS ,Eigentlich Wollte Nate Dogg Die Hook Singen
Christian Steiffen - Ein Leben lang,1,Christian Steiffen ,Ein Leben lang
Alligatoah - Ein Problem mit Alkohol,1,Alligatoah ,Ein Problem mit Alkohol
Sabine Hettlich - Ein Traum wird wahr,1,Sabine Hettlich ,Ein Traum wird wahr
Wanda - Eine ganz normale Nacht in Wien,1,Wanda ,Eine ganz normale Nacht in Wien
Takeo Ischi - Einen Jodler hör ich gern,1,Takeo Ischi ,Einen Jodler hör ich gern
Pfannestil Chammer Sexdeet - Einergeligi riisnegeli,1,Pfannestil Chammer Sexdeet ,Einergeligi riisnegeli
CRO - Einmal um die Welt,1,CRO ,Einmal um die Welt
K.I.Z - Eishockey,1,K.I.Z ,Eishockey
Radio 200000 - Eisprung,1,Radio 200000 ,Eisprung
Berliner Weisse - El Garnelo,1,Berliner Weisse ,El Garnelo
Gwar - El Presidente,1,Gwar ,El Presidente
National Anthems Orchestra - El Salvador Anthem - Himno Nacional de El Salvador,1,National Anthems Orchestra ,El Salvador Anthem - Himno Nacional de El Salvador
Iron Maiden - Empire of the Clouds,1,Iron Maiden ,Empire of the Clouds
Discipline - End of the Road,1,Discipline ,End of the Road
Trailerpark - Endlich normale Leute,1,Trailerpark ,Endlich normale Leute
Heaven Shall Burn - Endzeit,1,Heaven Shall Burn ,Endzeit
Just Chillax - Enjoy the Flight (feat. Fréd),1,Just Chillax ,Enjoy the Flight (feat. Fréd)
Morcheeba - Enjoy the Ride,1,Morcheeba ,Enjoy the Ride
Snicklink - Ens Käufens Und Ens Einkaufskorb (Enstended Mix),1,Snicklink ,Ens Käufens Und Ens Einkaufskorb (Enstended Mix)
Koczinsky - Enter - Benjamin Takats Remix,1,Koczinsky ,Enter - Benjamin Takats Remix
Metallica - Enter Sandman,1,Metallica ,Enter Sandman
Riccardo Cocciante - Era già tutto previsto,1,Riccardo Cocciante ,Era già tutto previsto
Wolf Biermann - Ermutigung,1,Wolf Biermann ,Ermutigung
Der Nino aus Wien - Es geht immer um`s Vollenden,1,Der Nino aus Wien ,Es geht immer um`s Vollenden
Onkel Tom Angelripper - Es gibt kein Bier auf Hawaii - Remastered Version,1,Onkel Tom Angelripper ,Es gibt kein Bier auf Hawaii - Remastered Version
Pixie Paris - Es rappelt im Karton,1,Pixie Paris ,Es rappelt im Karton
Hendrik Schwarzer - Europa-Park Suite,1,Hendrik Schwarzer ,Europa-Park Suite
Falkenbach - Eweroun,1,Falkenbach ,Eweroun
Mash - Ewigi Liäbi,1,Mash ,Ewigi Liäbi
Ludovico Einaudi - Experience,1,Ludovico Einaudi ,Experience
Kraftklub - Fahr mit mir (4x4) (feat. Tokio Hotel),1,Kraftklub ,Fahr mit mir (4x4) (feat. Tokio Hotel)
Beginner - Fahr'n,1,Beginner ,Fahr'n
Linkin Park - Faint,1,Linkin Park ,Faint
Tom MacDonald - Fake Woke,1,Tom MacDonald ,Fake Woke
Trailerpark - Falsche Band,1,Trailerpark ,Falsche Band
Karel Gott - Fang das Licht,1,Karel Gott ,Fang das Licht
Apocalyptica - Farewell,1,Apocalyptica ,Farewell
Klaus Lage - Faust auf Faust - Remastered 2008,1,Klaus Lage ,Faust auf Faust - Remastered 2008
Mark With a K - Fear Of The Dark - Radio Version,1,Mark With a K ,Fear Of The Dark - Radio Version
EconStories - Fear the Boom and Bust,1,EconStories ,Fear the Boom and Bust
The Kelly Family - Fell In Love With An Alien,1,The Kelly Family ,Fell In Love With An Alien
Dicht & Ergreifend - Fensdabuzza,1,Dicht & Ergreifend ,Fensdabuzza
Knorkator - Ferien in Algerien,1,Knorkator ,Ferien in Algerien
Sektion Kuchikäschtli - Fernweh,1,Sektion Kuchikäschtli ,Fernweh
TURBOBIER - Fett kumman (Bierpartei-Wahlkampfsong),1,TURBOBIER ,Fett kumman (Bierpartei-Wahlkampfsong)
Future Franz - Feuerwerk,1,Future Franz ,Feuerwerk
Die Woodys - Fichtl's Lied,1,Die Woodys ,Fichtl's Lied
Die Woodys - Fichtls Lied,1,Die Woodys ,Fichtls Lied
BRDigung - Fick Deine Playlist,1,BRDigung ,Fick Deine Playlist
Nate57 - Fick die Welt,1,Nate57 ,Fick die Welt
Royal Blood - Figure It Out,1,Royal Blood ,Figure It Out
FiNCH - FiNCHiBOY,1,FiNCH ,FiNCHiBOY
Monty Python - Finland,1,Monty Python ,Finland
The Prodigy - Firestarter,1,The Prodigy ,Firestarter
Trevor Morris - Floki Appears to Kill Athelstan,1,Trevor Morris ,Floki Appears to Kill Athelstan
Agnostic Front - For My Family,1,Agnostic Front ,For My Family
Jahn Lengervik - Fra Nordkapp Til Lindesnes,1,Jahn Lengervik ,Fra Nordkapp Til Lindesnes
Timmy Trumpet - Freaks,1,Timmy Trumpet ,Freaks
Alexander Klaws - Free Like The Wind,1,Alexander Klaws ,Free Like The Wind
Jimi Hendrix - Freedom,1,Jimi Hendrix ,Freedom
In Extremo - Frei zu sein,1,In Extremo ,Frei zu sein
Westernhagen - Freiheit,1,Westernhagen ,Freiheit
Juju - Freisein (feat. Xavier Naidoo),1,Juju ,Freisein (feat. Xavier Naidoo)
Rebecca Black - Friday,1,Rebecca Black ,Friday
Otto Waalkes - Friesenjung (Reprise) - Live,1,Otto Waalkes ,Friesenjung (Reprise) - Live
Wheeler Walker Jr. - Fucked By A Country Boy,1,Wheeler Walker Jr. ,Fucked By A Country Boy
"Dodo - Fudi (Foodie) - aus ""Sing meinen Song, Vol. 2""",1,Dodo ,"Fudi (Foodie) - aus ""Sing meinen Song, Vol. 2"""
Patent Ochsner - Füdlifinger Fritz,1,Patent Ochsner ,Füdlifinger Fritz
Moses Pelham - Für die Ewigkeit,1,Moses Pelham ,Für die Ewigkeit
Die Goldenen Zitronen - Für immer Punk,1,Die Goldenen Zitronen ,Für immer Punk
Minupren - Fussy Pister,1,Minupren ,Fussy Pister
Polyphia - G.O.A.T.,1,Polyphia ,G.O.A.T.
Samy Deluxe - G.O.A.T. Talk,1,Samy Deluxe ,G.O.A.T. Talk
Seeed - G€LD,1,Seeed ,G€LD
Oonagh - Gäa,1,Oonagh ,Gäa
The Chemical Brothers - Galvanize,1,The Chemical Brothers ,Galvanize
Bushido - Gangbang,1,Bushido ,Gangbang
Hans Söllner - Ganja,1,Hans Söllner ,Ganja
Helge Schneider - Gartenzaun,1,Helge Schneider ,Gartenzaun
I Prevail - Gasoline,1,I Prevail ,Gasoline
Hendrik Schwarzer - Gate to a Great Adventure - Wodan Suite and Main Theme,1,Hendrik Schwarzer ,Gate to a Great Adventure - Wodan Suite and Main Theme
Dimmu Borgir - Gateways,1,Dimmu Borgir ,Gateways
Favorite - Gay Rap,1,Favorite ,Gay Rap
Unheilig - Geboren um zu leben,1,Unheilig ,Geboren um zu leben
Rocko Schamoni - Gegen den Staat,1,Rocko Schamoni ,Gegen den Staat
JUHE aus Tirol - Geh Alte gib a Ruah,1,JUHE aus Tirol ,Geh Alte gib a Ruah
Beginner - Geh' bitte,1,Beginner ,Geh' bitte
Nachtmahr - Gehorsam,1,Nachtmahr ,Gehorsam
Frei.Wild - Geile Heimat,1,Frei.Wild ,Geile Heimat
Anton Zylinder - Geld,1,Anton Zylinder ,Geld
K.I.Z - Geld,1,K.I.Z ,Geld
Money Boy - Geld Motivierte Muzik,1,Money Boy ,Geld Motivierte Muzik
EAV (Erste Allgemeine Verunsicherung) - Geld oder Leben,1,EAV (Erste Allgemeine Verunsicherung) ,Geld oder Leben
BRDigung - Geld regiert die Welt,1,BRDigung ,Geld regiert die Welt
Gerd Böttcher - Geld wie Heu,1,Gerd Böttcher ,Geld wie Heu
Skolka - Gemma Gemma - Live,1,Skolka ,Gemma Gemma - Live
Skolka - Gemma Gemma!,1,Skolka ,Gemma Gemma!
Bad Brains - Gene Machine,1,Bad Brains ,Gene Machine
Genetikk - GERMAN ANGST! (DER TRAUM IST AUS),1,Genetikk ,GERMAN ANGST! (DER TRAUM IST AUS)
DJ Happy Vibes - German History,1,DJ Happy Vibes ,German History
Rick and Morty - Get Schwifty (C-131),1,Rick and Morty ,Get Schwifty (C-131)
Baschi - Gib nit uf,1,Baschi ,Gib nit uf
Raggabund - Gier,1,Raggabund ,Gier
BABYMETAL - Gimme Chocolate!!,1,BABYMETAL ,Gimme Chocolate!!
Daft Punk - Giorgio by Moroder,1,Daft Punk ,Giorgio by Moroder
Mavado - Give It All To Me (feat. Nicki Minaj),1,Mavado ,Give It All To Me (feat. Nicki Minaj)
Red Hot Chili Peppers - Give It Away,1,Red Hot Chili Peppers ,Give It Away
KC & The Sunshine Band - Give It Up,1,KC & The Sunshine Band ,Give It Up
Manfred Mann's Earth Band - Give Me the Good Earth,1,Manfred Mann's Earth Band ,Give Me the Good Earth
BABYMETAL - Gj!,1,BABYMETAL ,Gj!
Agonoize - Glaubenskrieger,1,Agonoize ,Glaubenskrieger
Typhoon - Glimpse Of The Future - Original Mix,1,Typhoon ,Glimpse Of The Future - Original Mix
Betontod - Glück Auf!,1,Betontod ,Glück Auf!
Die Schwarzwälder Kirschtorten - Glück gehabt,1,Die Schwarzwälder Kirschtorten ,Glück gehabt
Rotterdam Terror Corps - God is a gabber - 2019 Refix,1,Rotterdam Terror Corps ,God is a gabber - 2019 Refix
Spandau Ballet - Gold,1,Spandau Ballet ,Gold
The Stranglers - Golden Brown,1,The Stranglers ,Golden Brown
Joachim Witt - Goldener Reiter,1,Joachim Witt ,Goldener Reiter
Sido - Goldjunge,1,Sido ,Goldjunge
Jack Moy - Good As Gold,1,Jack Moy ,Good As Gold
Kanye West - Good Morning,1,Kanye West ,Good Morning
Michael Patrick Kelly - Good Morning Sunshine,1,Michael Patrick Kelly ,Good Morning Sunshine
Mr. Bungle - Goodbye Sober Day,1,Mr. Bungle ,Goodbye Sober Day
DJ Blyatman - Gopnik,1,DJ Blyatman ,Gopnik
Agnostic Front - Gotta Go,1,Agnostic Front ,Gotta Go
DJ Mico - Graubünda - Radio Edit,1,DJ Mico ,Graubünda - Radio Edit
Kyuss - Green Machine,1,Kyuss ,Green Machine
Udo Jürgens - Griechischer Wein,1,Udo Jürgens ,Griechischer Wein
Deee-Lite - Groove Is in the Heart,1,Deee-Lite ,Groove Is in the Heart
Die Kassierer - Großes Glied - Remastered,1,Die Kassierer ,Großes Glied - Remastered
Silversun Pickups - Growing Old Is Getting Old,1,Silversun Pickups ,Growing Old Is Getting Old
Dynamite Deluxe - Grüne Brille,1,Dynamite Deluxe ,Grüne Brille
Hecht - Gsehnd üs im Sommer,1,Hecht ,Gsehnd üs im Sommer
Black Uhuru - Guess Who's Coming To Dinner,1,Black Uhuru ,Guess Who's Coming To Dinner
Flatsch - Gute alte Zeit,1,Flatsch ,Gute alte Zeit
OK KID - Gute Menschen,1,OK KID ,Gute Menschen
"Jürgen von der Lippe - Guten Morgen, liebe Sorgen",1,Jürgen von der Lippe ,"Guten Morgen, liebe Sorgen"
Wir sind Helden - Guten Tag,1,Wir sind Helden ,Guten Tag
SpongeBob Schwammkopf - Hab was am Po,1,SpongeBob Schwammkopf ,Hab was am Po
Rammelhof - Hackln,1,Rammelhof ,Hackln
Willi Wingl - Hagebuddne (Techno Version),1,Willi Wingl ,Hagebuddne (Techno Version)
Heilung - Hakkerskaldyr,1,Heilung ,Hakkerskaldyr
Manuel Straube - Hakuna Matata,1,Manuel Straube ,Hakuna Matata
"Tom Astor - Hallo, guten Morgen Deutschland",1,Tom Astor ,"Hallo, guten Morgen Deutschland"
Beyoncé - Halo,1,Beyoncé ,Halo
Kaunan - Halteguten,1,Kaunan ,Halteguten
"Pharrell Williams - Happy - From ""Despicable Me 2""",1,Pharrell Williams ,"Happy - From ""Despicable Me 2"""
ABBA - Happy New Year,1,ABBA ,Happy New Year
Dune - Hardcore Vibes,1,Dune ,Hardcore Vibes
"Daft Punk - Harder, Better, Faster, Stronger",1,Daft Punk ,"Harder, Better, Faster, Stronger"
Kevin Morby - Harlem River,1,Kevin Morby ,Harlem River
Tarek K.I.Z - Hartz 4,1,Tarek K.I.Z ,Hartz 4
Ingo ohne Flamingo - Hartz 4 und der Tag gehört dir,1,Ingo ohne Flamingo ,Hartz 4 und der Tag gehört dir
Joint Venture - Haschisch Rauchen Macht Harmlos,1,Joint Venture ,Haschisch Rauchen Macht Harmlos
Children Of Bodom - Hate Me! - Single Version,1,Children Of Bodom ,Hate Me! - Single Version
HGich.T - Hauptschuhle,1,HGich.T ,Hauptschuhle
"Pippi Langstrumpf - Hei, Pippi Langstrumpf",1,Pippi Langstrumpf ,"Hei, Pippi Langstrumpf"
Wardruna - Heimta Thurs,1,Wardruna ,Heimta Thurs
Voodoo Jürgens - Heite grob ma Tote aus,1,Voodoo Jürgens ,Heite grob ma Tote aus
Kvelertak - Heksebrann,1,Kvelertak ,Heksebrann
Das Große Berliner Blasorchester - Helenen Marsch,1,Das Große Berliner Blasorchester ,Helenen Marsch
Das Luftwaffenmusikkorps 1 - Helenen-Marsch,1,Das Luftwaffenmusikkorps 1 ,Helenen-Marsch
Das Heeresmusikkorps 7 - Helenenmarsch,1,Das Heeresmusikkorps 7 ,Helenenmarsch
Das Heeresmusikkorps 9 der 1. Luftlandedivision - Helenenmarsch,1,Das Heeresmusikkorps 9 der 1. Luftlandedivision ,Helenenmarsch
Stabsmusikkorps der Bundeswehr - Helenenmarsch,1,Stabsmusikkorps der Bundeswehr ,Helenenmarsch
Kes - Hello,1,Kes ,Hello
Paleface - Helsinki-Shangri-La,1,Paleface ,Helsinki-Shangri-La
Kalandra - Helvegen,1,Kalandra ,Helvegen
Skar - Helvegen,1,Skar ,Helvegen
Wardruna - Helvegen,1,Wardruna ,Helvegen
UB40 - Here I Am / Small Axe (Come And Take Me),1,UB40 ,Here I Am / Small Axe (Come And Take Me)
Motörhead - Heroes,1,Motörhead ,Heroes
Unholy Minority - Heroes from Hell,1,Unholy Minority ,Heroes from Hell
"Hannes Wader - Heute hier, morgen dort",1,Hannes Wader ,"Heute hier, morgen dort"
"Philipp Poisel - Heute hier, morgen dort",1,Philipp Poisel ,"Heute hier, morgen dort"
Unheilig - Hexenjagd,1,Unheilig ,Hexenjagd
Hans Söllner - Hey Staat!,1,Hans Söllner ,Hey Staat!
7 Zwerge - Hey Zwerge,1,7 Zwerge ,Hey Zwerge
Astrid Lindgren - Hier kommt Pippi Langstrumpf,1,Astrid Lindgren ,Hier kommt Pippi Langstrumpf
Creed - Higher,1,Creed ,Higher
Josh Wink - Higher State of Consciousness - Tweekin Acid Funk,1,Josh Wink ,Higher State of Consciousness - Tweekin Acid Funk
Nas - Hip Hop Is Dead,1,Nas ,Hip Hop Is Dead
Ray Charles - Hit the Road Jack,1,Ray Charles ,Hit the Road Jack
Cypress Hill - Hits from the Bong,1,Cypress Hill ,Hits from the Bong
Gyptian - Hold You - Hold Yuh,1,Gyptian ,Hold You - Hold Yuh
Norbert und die Feiglinge - Holger,1,Norbert und die Feiglinge ,Holger
257ers - Holland,1,257ers ,Holland
DŸSE - Höllenjunge,1,DŸSE ,Höllenjunge
Killswitch Engage - Holy Diver,1,Killswitch Engage ,Holy Diver
Susperia - Home Sweet Hell,1,Susperia ,Home Sweet Hell
Die Hinichen - Homomarsch,1,Die Hinichen ,Homomarsch
Salvatore Ganacci - Horse,1,Salvatore Ganacci ,Horse
Oonagh - Hörst du den Wind,1,Oonagh ,Hörst du den Wind
Our Last Night - Hotel California - Rock,1,Our Last Night ,Hotel California - Rock
Massive Wagons - House of Noise,1,Massive Wagons ,House of Noise
Five Finger Death Punch - House of The Rising Sun,1,Five Finger Death Punch ,House of The Rising Sun
Eisenpimmel - Huka-Tschaka Töff Töff,1,Eisenpimmel ,Huka-Tschaka Töff Töff
Rag'n'Bone Man - Human,1,Rag'n'Bone Man ,Human
Schlüsselloch - Hupen,1,Schlüsselloch ,Hupen
Georg Danzer - Hupf in Gatsch,1,Georg Danzer ,Hupf in Gatsch
Mehnersmoos - Hurensohn,1,Mehnersmoos ,Hurensohn
Misfits - Hybrid Moments,1,Misfits ,Hybrid Moments
Electric Callboy - Hypa Hypa,1,Electric Callboy ,Hypa Hypa
Scooter - Hyper Hyper,1,Scooter ,Hyper Hyper
"Scooter - Hyper, Hyper",1,Scooter ,"Hyper, Hyper"
Amelie Lens - Hypnotized - Joyhauser Remix,1,Amelie Lens ,Hypnotized - Joyhauser Remix
Jonas Aden - I Don't Speak French (Adieu),1,Jonas Aden ,I Don't Speak French (Adieu)
Turnstile - I Don't Wanna Be Blind,1,Turnstile ,I Don't Wanna Be Blind
Jim Croce - I Got a Name - Stereo Version,1,Jim Croce ,I Got a Name - Stereo Version
Turbonegro - I Got Erection,1,Turbonegro ,I Got Erection
Markus Göttler - I hob in d`Hosn gschissen - Radio Mix,1,Markus Göttler ,I hob in d`Hosn gschissen - Radio Mix
Jon Lajoie - I Kill People,1,Jon Lajoie ,I Kill People
Cavalera Conspiracy - I Speak Hate,1,Cavalera Conspiracy ,I Speak Hate
Queen - I Want To Break Free,1,Queen ,I Want To Break Free
Whitney Houston - I Will Always Love You,1,Whitney Houston ,I Will Always Love You
Alpha Blondy - I Wish You Were Here,1,Alpha Blondy ,I Wish You Were Here
The Proclaimers - I'm Gonna Be (500 Miles),1,The Proclaimers ,I'm Gonna Be (500 Miles)
Lulu Belle & Scotty - I'm No Communist,1,Lulu Belle & Scotty ,I'm No Communist
Debby van Dooren - Ich bin bereit,1,Debby van Dooren ,Ich bin bereit
Simone Sommerland - Ich bin ein Einhorn,1,Simone Sommerland ,Ich bin ein Einhorn
Phil Collins - Ich bin unterwegs,1,Phil Collins ,Ich bin unterwegs
Der Martin - Ich Bleibe Dabei,1,Der Martin ,Ich Bleibe Dabei
Helge Schneider - Ich drück die Maus,1,Helge Schneider ,Ich drück die Maus
Die Kassierer - Ich fick dich durch die ganze Wohnung,1,Die Kassierer ,Ich fick dich durch die ganze Wohnung
K.I.Z - Ich ficke euch (alle),1,K.I.Z ,Ich ficke euch (alle)
AnnenMayKantereit - Ich geh heut nicht mehr tanzen,1,AnnenMayKantereit ,Ich geh heut nicht mehr tanzen
Mike Krüger - Ich Geh' Heut' Surfen (Surfin' USA) - Live - Remastered,1,Mike Krüger ,Ich Geh' Heut' Surfen (Surfin' USA) - Live - Remastered
Chili - Ich habe ein kleines Cha Cha Cha,1,Chili ,Ich habe ein kleines Cha Cha Cha
Christian Steiffen - Ich habe Haschisch probiert,1,Christian Steiffen ,Ich habe Haschisch probiert
Die Kranken Schwestern - Ich hol Dir einen runter (einen Stern) - Radio Version,1,Die Kranken Schwestern ,Ich hol Dir einen runter (einen Stern) - Radio Version
Eure Mütter - Ich lass es wachsen - Live,1,Eure Mütter ,Ich lass es wachsen - Live
Die Paldauer - Ich muss Dich wiederseh'n,1,Die Paldauer ,Ich muss Dich wiederseh'n
Manuel Straube - Ich Will Jetzt Gleich Konig Sein,1,Manuel Straube ,Ich Will Jetzt Gleich Konig Sein
SDP - Ich will nur dass du weißt,1,SDP ,Ich will nur dass du weißt
Wanda - Ich will Schnaps - Live @ Gurtenfestival 2016,1,Wanda ,Ich will Schnaps - Live @ Gurtenfestival 2016
Deichkind - Illegale Fans,1,Deichkind ,Illegale Fans
Flyysoulja - Im An Island Boy,1,Flyysoulja ,Im An Island Boy
Raggabund - Im Radio,1,Raggabund ,Im Radio
John Lennon - Imagine,1,John Lennon ,Imagine
Berliner Weisse - Immer anders,1,Berliner Weisse ,Immer anders
Das Lumpenpack - Immer noch drauf,1,Das Lumpenpack ,Immer noch drauf
CSO - In A Second Orbit,1,CSO ,In A Second Orbit
Roughrider Of Love - In der Nacht,1,Roughrider Of Love ,In der Nacht
Venom - In League with Satan,1,Venom ,In League with Satan
Heilung - In Maidjan,1,Heilung ,In Maidjan
AK AUSSERKONTROLLE - In meinem Benz,1,AK AUSSERKONTROLLE ,In meinem Benz
Nena - In meinem Leben,1,Nena ,In meinem Leben
Die B-migos - In meiner Hose wohnt ein Iltis,1,Die B-migos ,In meiner Hose wohnt ein Iltis
Ganz Schön Feist - In Momenten Wie Diesen,1,Ganz Schön Feist ,In Momenten Wie Diesen
Ensiferum - In My Sword I Trust,1,Ensiferum ,In My Sword I Trust
Linkin Park - In the End,1,Linkin Park ,In the End
Metallica - Inamorata,1,Metallica ,Inamorata
Guru Josh Project - Infinity 2008 - Klaas Vocal Edit,1,Guru Josh Project ,Infinity 2008 - Klaas Vocal Edit
Cypress Hill - Insane in the Brain,1,Cypress Hill ,Insane in the Brain
Rotterdam Terror Corps - Insanity,1,Rotterdam Terror Corps ,Insanity
Faithless - Insomnia - Radio Edit,1,Faithless ,Insomnia - Radio Edit
S.T.S - Irgendwann bleib i dann dort,1,S.T.S ,Irgendwann bleib i dann dort
Bob Marley & The Wailers - Is This Love,1,Bob Marley & The Wailers ,Is This Love
Dolly Parton - Islands in the Stream,1,Dolly Parton ,Islands in the Stream
Broilers - Ist da jemand?,1,Broilers ,Ist da jemand?
Pillath - Ist der Ruf erst ruiniert,1,Pillath ,Ist der Ruf erst ruiniert
Alf Newman - It's a Gas,1,Alf Newman ,It's a Gas
Shungudzo - It's a good day (to fight the system),1,Shungudzo ,It's a good day (to fight the system)
Bon Jovi - It's My Life,1,Bon Jovi ,It's My Life
Ludwig van Beethoven - IV. Allegro - Presto (1),1,Ludwig van Beethoven ,IV. Allegro - Presto (1)
"Bodo Wartke - Ja, Schatz!",1,Bodo Wartke ,"Ja, Schatz!"
Bob Marley & The Wailers - Jamming,1,Bob Marley & The Wailers ,Jamming
Mickie Krause - Jan Pillemann Otze,1,Mickie Krause ,Jan Pillemann Otze
Serge Gainsbourg - Je t'aime moi non plus,1,Serge Gainsbourg ,Je t'aime moi non plus
Die Doofen - Jesus,1,Die Doofen ,Jesus
Rakede - Jetzt gehst du weg,1,Rakede ,Jetzt gehst du weg
Chuck Berry - Johnny B. Goode,1,Chuck Berry ,Johnny B. Goode
Crookers - Johnny Depp - Nikki Nair & DJ ADHD Remix,1,Crookers ,Johnny Depp - Nikki Nair & DJ ADHD Remix
Ivan Mladek - Jožin Z Bažin,1,Ivan Mladek ,Jožin Z Bažin
Mehdi K-libre - Jri 3lia Njri 3lik,1,Mehdi K-libre ,Jri 3lia Njri 3lik
Jinjer - Judgement (& Punishment),1,Jinjer ,Judgement (& Punishment)
Foreigner - Juke Box Hero - 2008 Remaster,1,Foreigner ,Juke Box Hero - 2008 Remaster
Soulfly - Jumpdafuckup,1,Soulfly ,Jumpdafuckup
Die Ärzte - Junge,1,Die Ärzte ,Junge
Tash Sultana - Jungle,1,Tash Sultana ,Jungle
Sensi Trails - Just Livin',1,Sensi Trails ,Just Livin'
Partiboi69 - K On My D + C,1,Partiboi69 ,K On My D + C
Teho - Kabuki,1,Teho ,Kabuki
The Red Army Choir - Kalinka,1,The Red Army Choir ,Kalinka
Why Sl Know Plug - Kann Man Ahnen,1,Why Sl Know Plug ,Kann Man Ahnen
Team Scheisse - Karstadtdetektiv,1,Team Scheisse ,Karstadtdetektiv
Hecht - Kawasaki,1,Hecht ,Kawasaki
Dubioza kolektiv - Kažu,1,Dubioza kolektiv ,Kažu
Icke & Er - Keen Hawaii,1,Icke & Er ,Keen Hawaii
Illbilly Hitec - Keep on Rolling,1,Illbilly Hitec ,Keep on Rolling
Kamil Bednarek - Keep On Trying,1,Kamil Bednarek ,Keep On Trying
Kirchenbrand - Kein Herz für Menschen,1,Kirchenbrand ,Kein Herz für Menschen
Ton Steine Scherben - Keine Macht für niemand,1,Ton Steine Scherben ,Keine Macht für niemand
Schlagsaite - Keinen Schritt,1,Schlagsaite ,Keinen Schritt
Rampue - Kembang,1,Rampue ,Kembang
Zombie Nation - Kernkraft 400,1,Zombie Nation ,Kernkraft 400
Myriam Fares - Kifak Enta,1,Myriam Fares ,Kifak Enta
NOFX - Kill All the White Man,1,NOFX ,Kill All the White Man
Fugees - Killing Me Softly With His Song,1,Fugees ,Killing Me Softly With His Song
K.I.Z - Kinderkram,1,K.I.Z ,Kinderkram
Heinz Rudolf Kunze - Kinderlied,1,Heinz Rudolf Kunze ,Kinderlied
Roughrider Of Love - King (feat. Kool Savas & Cengiz Khan),1,Roughrider Of Love ,King (feat. Kool Savas & Cengiz Khan)
Marnik - King In The North,1,Marnik ,King In The North
Bring Me The Horizon - Kingslayer (feat. BABYMETAL),1,Bring Me The Horizon ,Kingslayer (feat. BABYMETAL)
Rumpelstilz - Kiosk,1,Rumpelstilz ,Kiosk
Para One - Kiwi,1,Para One ,Kiwi
Romano - Klaps auf den Po,1,Romano ,Klaps auf den Po
TV Themes - Knight Rider,1,TV Themes ,Knight Rider
Geek Music - Knight Rider Main Theme,1,Geek Music ,Knight Rider Main Theme
Mr. Hurley & Die Pulveraffen - Knüppel auf'n Kopp,1,Mr. Hurley & Die Pulveraffen ,Knüppel auf'n Kopp
K.I.Z - Koksen ist Scheisse,1,K.I.Z ,Koksen ist Scheisse
"Veedel Kaztro - Kölsch, Kippe, Lederjacke",1,Veedel Kaztro ,"Kölsch, Kippe, Lederjacke"
Eisenpimmel - Komm mal lecker unten bei mich bei,1,Eisenpimmel ,Komm mal lecker unten bei mich bei
Feine Sahne Fischfilet - Komplett im Arsch,1,Feine Sahne Fischfilet ,Komplett im Arsch
Crack Ignaz - König der Alpen,1,Crack Ignaz ,König der Alpen
Rio Reiser - König von Deutschland,1,Rio Reiser ,König von Deutschland
Astrid Kuby - Körperzellenrock - Jede Zelle meines Körpers ist g,1,Astrid Kuby ,Körperzellenrock - Jede Zelle meines Körpers ist g
Mandragora Thuringia - Kriegselefanten,1,Mandragora Thuringia ,Kriegselefanten
Mausio - Krustenf!cker,1,Mausio ,Krustenf!cker
3 Doors Down - Kryptonite,1,3 Doors Down ,Kryptonite
Mittermeier vs. Guano Babes - Kumba Yo !,1,Mittermeier vs. Guano Babes ,Kumba Yo !
Schnuffel - Kuschel Song - Single Version,1,Schnuffel ,Kuschel Song - Single Version
J.B.O. - Kuschelmetal,1,J.B.O. ,Kuschelmetal
Wardruna - Kvitravn,1,Wardruna ,Kvitravn
Amelie Lens - L’Obscurité,1,Amelie Lens ,L’Obscurité
Carlos Vives - La Bicicleta,1,Carlos Vives ,La Bicicleta
Heinz Rühmann - La Le Lu,1,Heinz Rühmann ,La Le Lu
Angelo Branduardi - La Pulce D'Acqua,1,Angelo Branduardi ,La Pulce D'Acqua
Los Reales De La Cumbia - La Yegua de Tu Hermana,1,Los Reales De La Cumbia ,La Yegua de Tu Hermana
Buddy Ogün presents Mozart - Ladyboy,1,Buddy Ogün presents Mozart ,Ladyboy
DŸSE - Laicos Neidem,1,DŸSE ,Laicos Neidem
Vera Lynn - Land of Hope and Glory (Adapted from 'Pomp & Circumstance' No 1),1,Vera Lynn ,Land of Hope and Glory (Adapted from 'Pomp & Circumstance' No 1)
Lisa Bassenge - Lass die Schweinehunde heulen,1,Lisa Bassenge ,Lass die Schweinehunde heulen
Tic Tekk Toe - Lass uns Keta ballern (Pferd),1,Tic Tekk Toe ,Lass uns Keta ballern (Pferd)
Wham! - Last Christmas,1,Wham! ,Last Christmas
Papa Roach - Last Resort,1,Papa Roach ,Last Resort
TOOL - Lateralus,1,TOOL ,Lateralus
red lily - Lawyers,1,red lily ,Lawyers
Köter - Let the Kids Play,1,Köter ,Let the Kids Play
J Boog - Let's Do It Again,1,J Boog ,Let's Do It Again
Aquabella - Levan Polka,1,Aquabella ,Levan Polka
DarkZodiak - Levan Polka - Remix,1,DarkZodiak ,Levan Polka - Remix
Avicii - Levels - Original Version,1,Avicii ,Levels - Original Version
Jordan Page - Liberty,1,Jordan Page ,Liberty
Intervals - Libra,1,Intervals ,Libra
Megaloh - Licht,1,Megaloh ,Licht
Genetikk - Lieb's oder lass es,1,Genetikk ,Lieb's oder lass es
Rosenstolz - Liebe ist alles,1,Rosenstolz ,Liebe ist alles
Farin Urlaub - Lieber Staat,1,Farin Urlaub ,Lieber Staat
Farin Urlaub Racing Team - Lieber Staat - Live,1,Farin Urlaub Racing Team ,Lieber Staat - Live
Böhse Onkelz - Lieber stehend sterben,1,Böhse Onkelz ,Lieber stehend sterben
Bodo Wartke - Liebeslied,1,Bodo Wartke ,Liebeslied
Kraftklub - Lieblingsband (Oh Yeah),1,Kraftklub ,Lieblingsband (Oh Yeah)
Meat Loaf - Life Is A Lemon And I Want My Money Back,1,Meat Loaf ,Life Is A Lemon And I Want My Money Back
CSO - Liftoff!,1,CSO ,Liftoff!
Judas Priest - Lightning Strike,1,Judas Priest ,Lightning Strike
Beagle Music - Like Ice in the Sunshine,1,Beagle Music ,Like Ice in the Sunshine
Lane 8 - Little by Little,1,Lane 8 ,Little by Little
Opus - Live Is Life - Live,1,Opus ,Live Is Life - Live
Bon Jovi - Livin' On A Prayer,1,Bon Jovi ,Livin' On A Prayer
Murda Ron - Loddi,1,Murda Ron ,Loddi
TyBillz - Loddi,1,TyBillz ,Loddi
Caravan Palace - Lone Digger,1,Caravan Palace ,Lone Digger
David Hasselhoff - Looking for Freedom,1,David Hasselhoff ,Looking for Freedom
The Baboon Show - Lost You in a Second,1,The Baboon Show ,Lost You in a Second
Motörhead - Louie Louie,1,Motörhead ,Louie Louie
Collie Buddz - Love & Reggae,1,Collie Buddz ,Love & Reggae
The Cure - Lullaby,1,The Cure ,Lullaby
Drachenlord Musik - Lülülü - Lügenlord,1,Drachenlord Musik ,Lülülü - Lügenlord
Kunz - Lüüt so wie mer,1,Kunz ,Lüüt so wie mer
Los Del Rio - Macarena,1,Los Del Rio ,Macarena
Airbag - Machines and Men,1,Airbag ,Machines and Men
Timmy Trumpet - Mad World,1,Timmy Trumpet ,Mad World
"Bibi und Tina - Mädchen gegen Jungs (feat. Lina Larissa Strahl, Lisa-Marie Koroll, Phil Laude, Louis H.)",1,Bibi und Tina ,"Mädchen gegen Jungs (feat. Lina Larissa Strahl, Lisa-Marie Koroll, Phil Laude, Louis H.)"
DJ Blyatman - Made in Russia,1,DJ Blyatman ,Made in Russia
Prolopower - Mädl Män,1,Prolopower ,Mädl Män
Skrillex - Make It Bun Dem,1,Skrillex ,Make It Bun Dem
"GIMS - Malheur, malheur",1,GIMS ,"Malheur, malheur"
Tenacious D - marCH,1,Tenacious D ,marCH
Buddy Ogün presents Mozart - Margarethe - Original Mix,1,Buddy Ogün presents Mozart ,Margarethe - Original Mix
Tobee - Margarethe (Sie war 44...),1,Tobee ,Margarethe (Sie war 44...)
Vaskan - Mariachi,1,Vaskan ,Mariachi
Böhse Onkelz - Markt und Moral,1,Böhse Onkelz ,Markt und Moral
Ghost - Mary On A Cross,1,Ghost ,Mary On A Cross
Stefan Raab - Maschen-Draht-Zaun - Extended X-Rated Version,1,Stefan Raab ,Maschen-Draht-Zaun - Extended X-Rated Version
Stefan Raab - Maschen-Draht-Zaun - Radio Edit,1,Stefan Raab ,Maschen-Draht-Zaun - Radio Edit
Metallica - Master Of Puppets,1,Metallica ,Master Of Puppets
Damian Marley - Medication,1,Damian Marley ,Medication
Hans Söllner - Mei Vadda,1,Hans Söllner ,Mei Vadda
Montana Kek - Mein bester Freund die Kackwurst,1,Montana Kek ,Mein bester Freund die Kackwurst
"Alexandra - Mein Freund, der Baum",1,Alexandra ,"Mein Freund, der Baum"
Die Amigas - Mein Lieblingstier ist die Bratwurst,1,Die Amigas ,Mein Lieblingstier ist die Bratwurst
DCVDNS - Mein Mercedes,1,DCVDNS ,Mein Mercedes
K.I.Z - Mein Penis,1,K.I.Z ,Mein Penis
Die Kassierer - Mein schöner Hodensack,1,Die Kassierer ,Mein schöner Hodensack
Kindergarten Melodien - Meine Oma fährt im Hühnerstall Motorrad,1,Kindergarten Melodien ,Meine Oma fährt im Hühnerstall Motorrad
Helge Schneider - Meisenmann,1,Helge Schneider ,Meisenmann
Böhse Onkelz - Meister der Lügen,1,Böhse Onkelz ,Meister der Lügen
Bunny Wailer - Mellow Mood,1,Bunny Wailer ,Mellow Mood
DJ Edm - Meow Mix,1,DJ Edm ,Meow Mix
Bepo - Meow Song - Remastered 2022,1,Bepo ,Meow Song - Remastered 2022
Stavroz - Merci Éclair,1,Stavroz ,Merci Éclair
Shakin' Stevens - Merry Christmas Everyone,1,Shakin' Stevens ,Merry Christmas Everyone
Tessanne Chin - Messenger,1,Tessanne Chin ,Messenger
Zanger Rinus - Met Romana op de scooter,1,Zanger Rinus ,Met Romana op de scooter
International Music - Metallmädchen,1,International Music ,Metallmädchen
Money Boy - Mexiko,1,Money Boy ,Mexiko
Christopher Martin - Mi Friend Dem,1,Christopher Martin ,Mi Friend Dem
Chillyman - Miau Miau Miau,1,Chillyman ,Miau Miau Miau
"Die Doofen - MIEF! (Nimm mich jetzt, auch wenn ich stinke) - Video Version",1,Die Doofen ,"MIEF! (Nimm mich jetzt, auch wenn ich stinke) - Video Version"
Ana Nikolić - Milion dolara,1,Ana Nikolić ,Milion dolara
Raggabund - Militaer,1,Raggabund ,Militaer
Knorkator - Milliardäre,1,Knorkator ,Milliardäre
Kollegah - MIND OVER MATTER,1,Kollegah ,MIND OVER MATTER
Frittenbude - Mindestens in 1000 Jahren,1,Frittenbude ,Mindestens in 1000 Jahren
swissmom - Mini Farb und dini,1,swissmom ,Mini Farb und dini
Manuel Stahlberger - Mir schaded de Wirtschaft,1,Manuel Stahlberger ,Mir schaded de Wirtschaft
Gregorio Allegri - Miserere,1,Gregorio Allegri ,Miserere
Systemabsturz - Mit Sicherheit,1,Systemabsturz ,Mit Sicherheit
Pleasure ASMR - Moaning ASMR Orgasm sound,1,Pleasure ASMR ,Moaning ASMR Orgasm sound
Jesse Royal - Modern Day Judas,1,Jesse Royal ,Modern Day Judas
Imbiss Bronko - Monatsende,1,Imbiss Bronko ,Monatsende
Pink Floyd - Money - 2023 Remaster,1,Pink Floyd ,Money - 2023 Remaster
Dire Straits - Money For Nothing,1,Dire Straits ,Money For Nothing
Todster - Monster Geräusch - Tiefes Grunzen und Knurren,1,Todster ,Monster Geräusch - Tiefes Grunzen und Knurren
Money Boy - Monte Carlo,1,Money Boy ,Monte Carlo
Helge Schneider - Mörchen,1,Helge Schneider ,Mörchen
Gray Contrast - More Love - Alexanderplatz Live Version,1,Gray Contrast ,More Love - Alexanderplatz Live Version
Shaggy - Mr Boombastic,1,Shaggy ,Mr Boombastic
The Killers - Mr. Brightside,1,The Killers ,Mr. Brightside
Pitbull - Mr. Worldwide (Intro) (feat. Vein),1,Pitbull ,Mr. Worldwide (Intro) (feat. Vein)
Money Boy - Mutombo,1,Money Boy ,Mutombo
MCR-T - My Barn My Rules,1,MCR-T ,My Barn My Rules
Kommando Sonne-nmilch - My Girlfriend Is a Horse,1,Kommando Sonne-nmilch ,My Girlfriend Is a Horse
Black Eyed Peas - My Humps,1,Black Eyed Peas ,My Humps
Saltatio Mortis - My Mother Told Me,1,Saltatio Mortis ,My Mother Told Me
Colm R. McGuinness - My Mother Told Me (In Old Norse),1,Colm R. McGuinness ,My Mother Told Me (In Old Norse)
The Shaggs - My Pal Foot Foot,1,The Shaggs ,My Pal Foot Foot
Dolly Parton - My Tennessee Mountain Home,1,Dolly Parton ,My Tennessee Mountain Home
Kes - Na let go / (when ah) Jamdong / (with d) Boss Lady,1,Kes ,Na let go / (when ah) Jamdong / (with d) Boss Lady
Alligatoah - Nachbeben,1,Alligatoah ,Nachbeben
Tom MacDonald - Names,1,Tom MacDonald ,Names
Blasterjaxx - Narco,1,Blasterjaxx ,Narco
SDP - Ne Leiche,1,SDP ,Ne Leiche
Nirvana - Negative Creep - Live At The Paramount/1991,1,Nirvana ,Negative Creep - Live At The Paramount/1991
DCVDNS - Neuer alter Savas,1,DCVDNS ,Neuer alter Savas
K.I.Z - Neuruppin,1,K.I.Z ,Neuruppin
Takeo Ischi - New Bibi-Hendl - Heimatsender-Mix,1,Takeo Ischi ,New Bibi-Hendl - Heimatsender-Mix
Linkin Park - New Divide,1,Linkin Park ,New Divide
Refused - New Noise,1,Refused ,New Noise
Paolo Nutini - New Shoes,1,Paolo Nutini ,New Shoes
XCHNG - Nie wieder,1,XCHNG ,Nie wieder
Blackstreet - No Diggity,1,Blackstreet ,No Diggity
The Prodigy - No Good (Start the Dance),1,The Prodigy ,No Good (Start the Dance)
Peter Tosh - No Nuclear War - 2002 Remaster,1,Peter Tosh ,No Nuclear War - 2002 Remaster
Destructo - No Retreat,1,Destructo ,No Retreat
Sergei Prokofiev - No. 13 Dance of the Knights,1,Sergei Prokofiev ,No. 13 Dance of the Knights
DŸSE - Norbert hat Angst,1,DŸSE ,Norbert hat Angst
Heilung - Norupo,1,Heilung ,Norupo
Poison - Nothin' But A Good Time,1,Poison ,Nothin' But A Good Time
Dj Mad Dog - Nothing else matters,1,Dj Mad Dog ,Nothing else matters
Metallica - Nothing Else Matters,1,Metallica ,Nothing Else Matters
Chimaira - Nothing Remains,1,Chimaira ,Nothing Remains
Guns N' Roses - November Rain,1,Guns N' Roses ,November Rain
Gladiator - Now We Are Free,1,Gladiator ,Now We Are Free
"Hans Zimmer - Now We Are Free - From ""Gladiator"" Soundtrack",1,Hans Zimmer ,"Now We Are Free - From ""Gladiator"" Soundtrack"
Linkin Park - Numb,1,Linkin Park ,Numb
Rkomi - NUOVO RANGE (con SFERA EBBASTA),1,Rkomi ,NUOVO RANGE (con SFERA EBBASTA)
Böhse Onkelz - Nur die besten sterben jung,1,Böhse Onkelz ,Nur die besten sterben jung
Nena - Nur geträumt,1,Nena ,Nur geträumt
Raggabund - Nur Liebe,1,Raggabund ,Nur Liebe
Frank Zander - Nur nach Hause - die Hertha-Hymne,1,Frank Zander ,Nur nach Hause - die Hertha-Hymne
Nyan Cat - Nyan Cat Theme,1,Nyan Cat ,Nyan Cat Theme
Cradle Of Filth - Nymphetamine Fix,1,Cradle Of Filth ,Nymphetamine Fix
Ludwig van Beethoven - Ode an die Freude - die 9. Sinfonie / Europa Hymne (Ode to Joy - Beethoven's Symphony No. 9),1,Ludwig van Beethoven ,Ode an die Freude - die 9. Sinfonie / Europa Hymne (Ode to Joy - Beethoven's Symphony No. 9)
Systemabsturz - Ode an Horst,1,Systemabsturz ,Ode an Horst
Pilocka Krach - Oh Yeah Voll Krass - feat. Lian Ferdinand,1,Pilocka Krach ,Oh Yeah Voll Krass - feat. Lian Ferdinand
Sterna Foifi - Ohni znacht is bett,1,Sterna Foifi ,Ohni znacht is bett
Yung Hurn - OK cool,1,Yung Hurn ,OK cool
K.I.Z - Oktoberfest,1,K.I.Z ,Oktoberfest
Die Zipfelbuben - Olivia,1,Die Zipfelbuben ,Olivia
Lord Of The Lost - On This Rock I Will Build My Church,1,Lord Of The Lost ,On This Rock I Will Build My Church
Metallica - One,1,Metallica ,One
Kyuss - One Inch Man,1,Kyuss ,One Inch Man
Böhse Onkelz - Onkelz 2000,1,Böhse Onkelz ,Onkelz 2000
Alle Farben - Only Thing We Know,1,Alle Farben ,Only Thing We Know
John Cage - Organ2/ASLSP,1,John Cage ,Organ2/ASLSP
Motörhead - Orgasmatron,1,Motörhead ,Orgasmatron
Sepultura - Orgasmatron,1,Sepultura ,Orgasmatron
Chilly Gonzales - Othello,1,Chilly Gonzales ,Othello
The Prodigy - Out of Space,1,The Prodigy ,Out of Space
Limp Bizkit - Out Of Style,1,Limp Bizkit ,Out Of Style
"The Rolling Stones - Paint It, Black",1,The Rolling Stones ,"Paint It, Black"
Emmit Fenn - Painting Greys,1,Emmit Fenn ,Painting Greys
Darko US - Pale Tongue,1,Darko US ,Pale Tongue
Dieter Hallervorden - Palim Palim,1,Dieter Hallervorden ,Palim Palim
Alexander Marcus - Papaya,1,Alexander Marcus ,Papaya
Dry Kill Logic - Paper Tiger,1,Dry Kill Logic ,Paper Tiger
Dreiviertelblut - Paradies,1,Dreiviertelblut ,Paradies
Kontra K - Paradies (feat. Rico),1,Kontra K ,Paradies (feat. Rico)
Massive Attack - Paradise Circus,1,Massive Attack ,Paradise Circus
Ernst Mantel - Pardy (bisses Dach lupft),1,Ernst Mantel ,Pardy (bisses Dach lupft)
The Bennies - Party Machine,1,The Bennies ,Party Machine
Henry VIII - Pastime with Good Company,1,Henry VIII ,Pastime with Good Company
K.I.Z - Pauch It,1,K.I.Z ,Pauch It
Sandu Ciorba - Pe Cimpoi,1,Sandu Ciorba ,Pe Cimpoi
FiNCH - PECH & SCHWEFEL,1,FiNCH ,PECH & SCHWEFEL
Every Time I Die - People Verses,1,Every Time I Die ,People Verses
Lou Reed - Perfect Day,1,Lou Reed ,Perfect Day
Angerfist - Perfect Fury,1,Angerfist ,Perfect Fury
S.A.R.S. - Perspektiva,1,S.A.R.S. ,Perspektiva
Julian Sommer - Peter Pan,1,Julian Sommer ,Peter Pan
Die Draufgänger - Pfusch die Mauer,1,Die Draufgänger ,Pfusch die Mauer
Overmono - Phosycon,1,Overmono ,Phosycon
Piepmarie - Piepmarie Das Bin Ich,1,Piepmarie ,Piepmarie Das Bin Ich
"Die Lokalmatadore - Pillemann, Fotze, Arsch",1,Die Lokalmatadore ,"Pillemann, Fotze, Arsch"
Jinjer - Pisces,1,Jinjer ,Pisces
Schnipo Schranke - Pisse,1,Schnipo Schranke ,Pisse
Black Sabbath - Planet Caravan,1,Black Sabbath ,Planet Caravan
Jens Lekman - Pocketful Of Money,1,Jens Lekman ,Pocketful Of Money
Vitalic - Poison Lips,1,Vitalic ,Poison Lips
Pokémon - Pokémon Theme,1,Pokémon ,Pokémon Theme
Anime Allstars - Pokémon-Thema (Komm schnapp sie dir),1,Anime Allstars ,Pokémon-Thema (Komm schnapp sie dir)
Kyary Pamyu Pamyu - PONPONPON,1,Kyary Pamyu Pamyu ,PONPONPON
"Callejon - Porn From Spain 2 (feat. K.I.Z, Mille & Sebastian Madsen)",1,Callejon ,"Porn From Spain 2 (feat. K.I.Z, Mille & Sebastian Madsen)"
Gorgoroth - Possessed by Satan,1,Gorgoroth ,Possessed by Satan
Oceanvs Orientalis - Postwar,1,Oceanvs Orientalis ,Postwar
Monster Magnet - Powertrip,1,Monster Magnet ,Powertrip
PIKOTARO - PPAP (Pen-Pineapple-Apple-Pen) - Long Version,1,PIKOTARO ,PPAP (Pen-Pineapple-Apple-Pen) - Long Version
Todd Terje - Preben Goes to Acapulco,1,Todd Terje ,Preben Goes to Acapulco
"Johann Sebastian Bach - Prelude & Fugue in C Minor (Well-Tempered Clavier, Book I, No. 2), BWV 847: I. Prelude",1,Johann Sebastian Bach ,"Prelude & Fugue in C Minor (Well-Tempered Clavier, Book I, No. 2), BWV 847: I. Prelude"
Torfrock - Presslufthammer B-B-Bernhard,1,Torfrock ,Presslufthammer B-B-Bernhard
Das Heeresmusikkorps 9 der 1. Luftlandedivision - Preußens Gloria,1,Das Heeresmusikkorps 9 der 1. Luftlandedivision ,Preußens Gloria
Mark Zuckerberg - Privacy Breaches on Facebook Testimony,1,Mark Zuckerberg ,Privacy Breaches on Facebook Testimony
Edgar Ott - Probier’s mal mit Gemütlichkeit,1,Edgar Ott ,Probier’s mal mit Gemütlichkeit
Dimmu Borgir - Progenies of the Great Apocalypse,1,Dimmu Borgir ,Progenies of the Great Apocalypse
Monsters Of Liedermaching - Psychoanalytiker,1,Monsters Of Liedermaching ,Psychoanalytiker
Electric Callboy - Pump It,1,Electric Callboy ,Pump It
Technotronic - Pump Up The Jam,1,Technotronic ,Pump Up The Jam
Dynamite Deluxe - Pures Gift,1,Dynamite Deluxe ,Pures Gift
Amelie Lens - Purge,1,Amelie Lens ,Purge
Dimmu Borgir - Puritania,1,Dimmu Borgir ,Puritania
Creeds - Push Up - Main Edit,1,Creeds ,Push Up - Main Edit
Bushido - Pussy,1,Bushido ,Pussy
RAF Camora - Puta Madre - Long Version,1,RAF Camora ,Puta Madre - Long Version
The Daktaris - Quiet Man Is Dead Man,1,The Daktaris ,Quiet Man Is Dead Man
Raggabund - Raggabund Chant,1,Raggabund ,Raggabund Chant
Wardruna - Raido,1,Wardruna ,Raido
Paul Elstak - Rainbow In The Sky - Radio Edit,1,Paul Elstak ,Rainbow In The Sky - Radio Edit
Slayer - Raining Blood,1,Slayer ,Raining Blood
Rammstein - Rammlied,1,Rammstein ,Rammlied
K.I.Z - Rap über Hass,1,K.I.Z ,Rap über Hass
Richard Cheese - Rape Me,1,Richard Cheese ,Rape Me
The Sugarhill Gang - Rapper's Delight,1,The Sugarhill Gang ,Rapper's Delight
Boney M. - Rasputin,1,Boney M. ,Rasputin
Protoje - Rasta Love Feat. Ky-Mani Marley,1,Protoje ,Rasta Love Feat. Ky-Mani Marley
Wizo - Raum Der Zeit,1,Wizo ,Raum Der Zeit
Sam Paganini - Rave,1,Sam Paganini ,Rave
Audiofreq - Rave Is Religion,1,Audiofreq ,Rave Is Religion
Grave Digger - Rebellion (The Clans Are Marching) - Remastered Version,1,Grave Digger ,Rebellion (The Clans Are Marching) - Remastered Version
Thumb - Red Alert,1,Thumb ,Red Alert
Animals As Leaders - Red Miso,1,Animals As Leaders ,Red Miso
Nick Cave & The Bad Seeds - Red Right Hand - Peaky Blinders Theme;Flood Remix,1,Nick Cave & The Bad Seeds ,Red Right Hand - Peaky Blinders Theme;Flood Remix
Bodo Wartke - Regen,1,Bodo Wartke ,Regen
Prinz Pi - Reich,1,Prinz Pi ,Reich
Afrob - Reimemonster (feat. Ferris MC),1,Afrob ,Reimemonster (feat. Ferris MC)
Team Scheisse - Rein ins Loch,1,Team Scheisse ,Rein ins Loch
Bunny Wailer - Reincarnated Souls,1,Bunny Wailer ,Reincarnated Souls
Rage Against The Machine - Renegades Of Funk,1,Rage Against The Machine ,Renegades Of Funk
Pantera - Revolution Is My Name - 2020 Terry Date Mix,1,Pantera ,Revolution Is My Name - 2020 Terry Date Mix
Melvins - Revolve,1,Melvins ,Revolve
Joachim Pastor - Reykjavik,1,Joachim Pastor ,Reykjavik
Richard Wagner - Ride of the Valkyries,1,Richard Wagner ,Ride of the Valkyries
K.I.Z - Riesenglied - Live,1,K.I.Z ,Riesenglied - Live
Rosa Anschütz - Rigid - Kobosil 44 Rush Mix,1,Rosa Anschütz ,Rigid - Kobosil 44 Rush Mix
Marsimoto - Ring der Nebelungen,1,Marsimoto ,Ring der Nebelungen
Bob Sinclar - Rock This Party - Everybody Dance Now,1,Bob Sinclar ,Rock This Party - Everybody Dance Now
Elton John - Rocket Man - Live,1,Elton John ,Rocket Man - Live
Limp Bizkit - Rollin' (Air Raid Vehicle),1,Limp Bizkit ,Rollin' (Air Raid Vehicle)
Vitamin String Quartet - Rolling in the Deep - Live from Spotify Sxsw 2014,1,Vitamin String Quartet ,Rolling in the Deep - Live from Spotify Sxsw 2014
Torfrock - Rollo Der Wikinger,1,Torfrock ,Rollo Der Wikinger
Bligg - Rosalie,1,Bligg ,Rosalie
Fantomas - Rosemary's Baby,1,Fantomas ,Rosemary's Baby
Buddy Ogün - Rough Rider Of Love - Single Edit,1,Buddy Ogün ,Rough Rider Of Love - Single Edit
Booba - RTC,1,Booba ,RTC
Rotterdam Terror Corps - RTC is the legacy,1,Rotterdam Terror Corps ,RTC is the legacy
The Holy Santa Barbara - Rüdiger,1,The Holy Santa Barbara ,Rüdiger
Spiritbox - Rule Of Nines,1,Spiritbox ,Rule Of Nines
The Pharcyde - Runnin',1,The Pharcyde ,Runnin'
Icke & Er - S.V.B.,1,Icke & Er ,S.V.B.
Peter Zimmermann - Saber Rider Theme - Re:VAMPED,1,Peter Zimmermann ,Saber Rider Theme - Re:VAMPED
Nightcall - Safe Place,1,Nightcall ,Safe Place
DŸSE - Sag Hans zu mir,1,DŸSE ,Sag Hans zu mir
DIR EN GREY - Saku,1,DIR EN GREY ,Saku
Riot Shift - SAME AGAIN,1,Riot Shift ,SAME AGAIN
Fujitsu - sand castles,1,Fujitsu ,sand castles
Sublime - Santeria,1,Sublime ,Santeria
DJ Aldo - Sarà perchè ti amo - Dance version Radio Edit,1,DJ Aldo ,Sarà perchè ti amo - Dance version Radio Edit
Electric Wizard - Satanic Rites Of Drugula,1,Electric Wizard ,Satanic Rites Of Drugula
Gorillaz - Saturnz Barz (feat. Popcaan),1,Gorillaz ,Saturnz Barz (feat. Popcaan)
FC Schalke 04 - Schalke 04 - Blau Und Weiß,1,FC Schalke 04 ,Schalke 04 - Blau Und Weiß
Herbert Pixner Projekt - Schallalalala,1,Herbert Pixner Projekt ,Schallalalala
Schildegart - Schildkröten Mambo,1,Schildegart ,Schildkröten Mambo
DŸSE - Schildkröten Thomas,1,DŸSE ,Schildkröten Thomas
"Lübecker Polizeiorchester & die Starlets - Schleswig Holstein, Meerumschlungen",1,Lübecker Polizeiorchester & die Starlets ,"Schleswig Holstein, Meerumschlungen"
K.I.Z - Schluss mit Faxen,1,K.I.Z ,Schluss mit Faxen
Gzuz - Schnapp!,1,Gzuz ,Schnapp!
Stubete Gäng - Schön isch es gsi,1,Stubete Gäng ,Schön isch es gsi
Der BVB Jahrhundertchor - Schon seit 100 Jahren - Südtribünen Karaoke Version,1,Der BVB Jahrhundertchor ,Schon seit 100 Jahren - Südtribünen Karaoke Version
Heino - Schwarz blüht der Enzian,1,Heino ,Schwarz blüht der Enzian
Heino - Schwarzbraun ist die Haselnuss,1,Heino ,Schwarzbraun ist die Haselnuss
Der Tod und die Landsknechte - Schweigen Im Wald,1,Der Tod und die Landsknechte ,Schweigen Im Wald
The Drums & Pipes - Scotland the Brave,1,The Drums & Pipes ,Scotland the Brave
Misfits - Scream,1,Misfits ,Scream
38 Special - Second Chance,1,38 Special ,Second Chance
Metallica - Seek & Destroy - Remastered,1,Metallica ,Seek & Destroy - Remastered
Stefan Erz - Sei Ein Mann,1,Stefan Erz ,Sei Ein Mann
Azis - Sen Trope,1,Azis ,Sen Trope
"Earth, Wind & Fire - September",1,"Earth, Wind & Fire ",September
The Dillinger Escape Plan - Setting Fire to Sleeping Giants,1,The Dillinger Escape Plan ,Setting Fire to Sleeping Giants
Die Kassierer - Sex mit dem Sozialarbeiter - Remastered,1,Die Kassierer ,Sex mit dem Sozialarbeiter - Remastered
Meditation Ambience - Sexual Desire,1,Meditation Ambience ,Sexual Desire
Dexta Daps - Shabba Madda Pot,1,Dexta Daps ,Shabba Madda Pot
Rectal Smegma - Shit Squirting Sandy,1,Rectal Smegma ,Shit Squirting Sandy
AC/DC - Shoot to Thrill,1,AC/DC ,Shoot to Thrill
Anna Ternheim - Shoreline,1,Anna Ternheim ,Shoreline
E-Z Rollers - Short Change,1,E-Z Rollers ,Short Change
Jon Lajoie - Show Me Your Genitals,1,Jon Lajoie ,Show Me Your Genitals
Jon Lajoie - Show Me Your Genitals 2: E=MC Vagina,1,Jon Lajoie ,Show Me Your Genitals 2: E=MC Vagina
S.T.S - Sie wissen all's besser,1,S.T.S ,Sie wissen all's besser
silence moments - Silence 30sec,1,silence moments ,Silence 30sec
Mike Vargas - Silent Track,1,Mike Vargas ,Silent Track
Bobby Darin - Simple Song Of Freedom - Live / Single Version/Mono,1,Bobby Darin ,Simple Song Of Freedom - Live / Single Version/Mono
"Jugendchöre - Singe, Freie Deutsche Jugend",1,Jugendchöre ,"Singe, Freie Deutsche Jugend"
Stephan Bodzin - Singularity,1,Stephan Bodzin ,Singularity
Paul Kalkbrenner - Sky and Sand,1,Paul Kalkbrenner ,Sky and Sand
GMPresents & Jocelyn Scofield - Skyfall (Acoustic),1,GMPresents & Jocelyn Scofield ,Skyfall (Acoustic)
Amon Amarth - Slaves of Fear,1,Amon Amarth ,Slaves of Fear
Riskay - Smell Yo D*ck,1,Riskay ,Smell Yo D*ck
Nirvana - Smells Like Teen Spirit,1,Nirvana ,Smells Like Teen Spirit
Stick Figure - Smokin' Love,1,Stick Figure ,Smokin' Love
Einar Selvik - Snake Pit Poetry,1,Einar Selvik ,Snake Pit Poetry
Uada - Snakes & Vultures,1,Uada ,Snakes & Vultures
Simone Sommerland - So ein schöner Tag (Fliegerlied),1,Simone Sommerland ,So ein schöner Tag (Fliegerlied)
Käptn Peng - Sockosophie,1,Käptn Peng ,Sockosophie
Seiler und Speer - Soits lebn,1,Seiler und Speer ,Soits lebn
Kettcar - Sommer '89 (Er schnitt Löcher in den Zaun),1,Kettcar ,Sommer '89 (Er schnitt Löcher in den Zaun)
BABYMETAL - Song 4,1,BABYMETAL ,Song 4
GemaKacken - Songtitel machen wir später speicher das erstmal so ab,1,GemaKacken ,Songtitel machen wir später speicher das erstmal so ab
Rammstein - Sonne,1,Rammstein ,Sonne
Klangkarussell - Sonnentanz,1,Klangkarussell ,Sonnentanz
Kyuss - Space Cadet,1,Kyuss ,Space Cadet
Ben E. King - Spanish Harlem,1,Ben E. King ,Spanish Harlem
DŸSE - Spinne,1,DŸSE ,Spinne
Revolverheld - Spinner,1,Revolverheld ,Spinner
Wolves In The Throne Room - Spirit of Lightning,1,Wolves In The Throne Room ,Spirit of Lightning
HBz - Spirit Of The Hawk - HBz Club Remix,1,HBz ,Spirit Of The Hawk - HBz Club Remix
Le Fly - St. Pauli Tanzmusik - Posse-Version,1,Le Fly ,St. Pauli Tanzmusik - Posse-Version
Systemabsturz - Staatstrojaner,1,Systemabsturz ,Staatstrojaner
Necrophagist - Stabwound,1,Necrophagist ,Stabwound
Vizediktator - Stadt aus Gold,1,Vizediktator ,Stadt aus Gold
Phenomden - Stah da,1,Phenomden ,Stah da
Led Zeppelin - Stairway to Heaven - Remaster,1,Led Zeppelin ,Stairway to Heaven - Remaster
SXTN - Ständer,1,SXTN ,Ständer
Donikkl - Stark wie ein Tiger,1,Donikkl ,Stark wie ein Tiger
Udo Lindenberg - Stärker als die Zeit,1,Udo Lindenberg ,Stärker als die Zeit
Money Boy - Steaks,1,Money Boy ,Steaks
"Eure Mütter - Steck ihn rein (Du weißt schon, wo!)",1,Eure Mütter ,"Steck ihn rein (Du weißt schon, wo!)"
Tanze im Regen - Steckt euch die Masken in den Arsch,1,Tanze im Regen ,Steckt euch die Masken in den Arsch
Cymatic Liberator - Steuern sind Raub,1,Cymatic Liberator ,Steuern sind Raub
Pink Guy - Stfu,1,Pink Guy ,Stfu
Lil Kleine - Stoff und Schnaps,1,Lil Kleine ,Stoff und Schnaps
DOWN - Stone the Crow,1,DOWN ,Stone the Crow
Money Boy - Stoppschild,1,Money Boy ,Stoppschild
Pantera - Strength Beyond Strength,1,Pantera ,Strength Beyond Strength
Samy Deluxe - Stumm (Xenja),1,Samy Deluxe ,Stumm (Xenja)
Gutalax - Sucking a Cock of a Vietnam Veteran,1,Gutalax ,Sucking a Cock of a Vietnam Veteran
Licking Girls ASMR - Sucking Girl Erotic Asmr,1,Licking Girls ASMR ,Sucking Girl Erotic Asmr
Heino - Südwesterlied,1,Heino ,Südwesterlied
Billie The Vision & The Dancers - Summercat,1,Billie The Vision & The Dancers ,Summercat
U2 - Sunday Bloody Sunday,1,U2 ,Sunday Bloody Sunday
Jack Harlow - SUNDOWN,1,Jack Harlow ,SUNDOWN
Tiga - Sunglasses at Night - Radio Edit,1,Tiga ,Sunglasses at Night - Radio Edit
Gigi D'Agostino - Super (Riscaldamento),1,Gigi D'Agostino ,Super (Riscaldamento)
Video Game Players - Super Mario Bros. Theme,1,Video Game Players ,Super Mario Bros. Theme
Brings - Superjeilezick,1,Brings ,Superjeilezick
Fischmob - Susanne Zur Freiheit,1,Fischmob ,Susanne Zur Freiheit
Pretty Pink - Suvi - Extended Mix,1,Pretty Pink ,Suvi - Extended Mix
Guns N' Roses - Sweet Child O' Mine,1,Guns N' Roses ,Sweet Child O' Mine
Eurythmics - Sweet Dreams (Are Made of This) - Remastered,1,Eurythmics ,Sweet Dreams (Are Made of This) - Remastered
David Glen Eisley - Sweet Victory,1,David Glen Eisley ,Sweet Victory
"Beethoven - Symphonie, No. 5, Op. 67, Allegro Con Brio",1,Beethoven ,"Symphonie, No. 5, Op. 67, Allegro Con Brio"
"Ludwig van Beethoven - Symphony No. 5 In C Minor, Op. 67: 2. Andante con moto",1,Ludwig van Beethoven ,"Symphony No. 5 In C Minor, Op. 67: 2. Andante con moto"
"Ludwig van Beethoven - Symphony No. 5 in C Minor, Op. 67: I. Allegro con brio",1,Ludwig van Beethoven ,"Symphony No. 5 in C Minor, Op. 67: I. Allegro con brio"
"Earthena - Symphony of the Crown, Pt. 1",1,Earthena ,"Symphony of the Crown, Pt. 1"
AC/DC - T.N.T.,1,AC/DC ,T.N.T.
Dave Brubeck - Take Five,1,Dave Brubeck ,Take Five
SpongeBob Schwammkopf - Taube Nüsschen,1,SpongeBob Schwammkopf ,Taube Nüsschen
Havaq - Taxation Is Theft,1,Havaq ,Taxation Is Theft
Skinny Finsta - Teich,1,Skinny Finsta ,Teich
"Inner Circle - Tenement Yard (News Carrying Dread) [feat. Chronixx, Jacob Miller] - 2015 Remix",1,Inner Circle ,"Tenement Yard (News Carrying Dread) [feat. Chronixx, Jacob Miller] - 2015 Remix"
ABBA - Thank You For The Music,1,ABBA ,Thank You For The Music
Shania Twain - That Don't Impress Me Much,1,Shania Twain ,That Don't Impress Me Much
Current Value - That Smile,1,Current Value ,That Smile
Don Henley - The Boys Of Summer,1,Don Henley ,The Boys Of Summer
Killswitch Engage - The Call,1,Killswitch Engage ,The Call
Eluveitie - The Call of the Mountains,1,Eluveitie ,The Call of the Mountains
John Williams - The Cantina band [Star Wars],1,John Williams ,The Cantina band [Star Wars]
Marla Glen - The Cost Of Freedom,1,Marla Glen ,The Cost Of Freedom
The Vision Bleak - The Deathship Symphony,1,The Vision Bleak ,The Deathship Symphony
Slipknot - The Devil in I,1,Slipknot ,The Devil in I
CAKE - The Distance,1,CAKE ,The Distance
Himanshu Sharma - The Dogecoin Song,1,Himanshu Sharma ,The Dogecoin Song
2 LIVE CREW - The F--k Shop,1,2 LIVE CREW ,The F--k Shop
TV Themes - The Fall Guy,1,TV Themes ,The Fall Guy
J-Cut & Kolt Siewerts - The Flute Tune,1,J-Cut & Kolt Siewerts ,The Flute Tune
Leonard Cohen - The Future,1,Leonard Cohen ,The Future
Camouflage - The Great Commandment,1,Camouflage ,The Great Commandment
Hampton The Hampster - The HampsterDance Song,1,Hampton The Hampster ,The HampsterDance Song
John Williams - The Imperial March (Darth Vader's Theme),1,John Williams ,The Imperial March (Darth Vader's Theme)
Las Ketchup - The Ketchup Song (Aserejé) - Spanglish Version,1,Las Ketchup ,The Ketchup Song (Aserejé) - Spanglish Version
Trevor Jones - The Kiss,1,Trevor Jones ,The Kiss
Loreena McKennitt - The Lady of Shalott,1,Loreena McKennitt ,The Lady of Shalott
America - The Last Unicorn,1,America ,The Last Unicorn
John Morgan Orquesta - The Lone Ranger Theme,1,John Morgan Orquesta ,The Lone Ranger Theme
Dr. Dre - The Next Episode,1,Dr. Dre ,The Next Episode
SNAP! - The Power,1,SNAP! ,The Power
"Chris Rea - The Road to Hell, Pt. 1 & 2 - New Version 2008",1,Chris Rea ,"The Road to Hell, Pt. 1 & 2 - New Version 2008"
The Spinners - The Rubberband Man,1,The Spinners ,The Rubberband Man
Vinny Vincent - The Siren - Original Mix,1,Vinny Vincent ,The Siren - Original Mix
Tom MacDonald - The System,1,Tom MacDonald ,The System
TV Themes - The Unknown Stuntman,1,TV Themes ,The Unknown Stuntman
Spiritbox - The Void,1,Spiritbox ,The Void
Pavlov's Dog - Theme From Subway Sue,1,Pavlov's Dog ,Theme From Subway Sue
Neelix - There Was A Time,1,Neelix ,There Was A Time
Patricks - They're Taking The Hobbits To Isengard / The Fellowship / The Shire - Bonus Track,1,Patricks ,They're Taking The Hobbits To Isengard / The Fellowship / The Shire - Bonus Track
Kamil Bednarek - Think About Tomorow (Live),1,Kamil Bednarek ,Think About Tomorow (Live)
Body Count - This Is Why We Ride,1,Body Count ,This Is Why We Ride
Eluveitie - Thousandfold,1,Eluveitie ,Thousandfold
Bob Marley & The Wailers - Three Little Birds,1,Bob Marley & The Wailers ,Three Little Birds
Michael Jackson - Thriller - Single Version,1,Michael Jackson ,Thriller - Single Version
DragonForce - Through The Fire And Flames,1,DragonForce ,Through The Fire And Flames
Scooter - Ti Sento,1,Scooter ,Ti Sento
Postgirobygget - Tidløs,1,Postgirobygget ,Tidløs
Push - Till We Meet Again - Album Mix,1,Push ,Till We Meet Again - Album Mix
TIP_NZ - Timechain,1,TIP_NZ ,Timechain
Koffee - Toast,1,Koffee ,Toast
"Johann Sebastian Bach - Toccata and Fugue in D Minor, BWV 565: II. Fugue",1,Johann Sebastian Bach ,"Toccata and Fugue in D Minor, BWV 565: II. Fugue"
Rush - Tom Sawyer,1,Rush ,Tom Sawyer
Suzanne Vega - Tom's Diner,1,Suzanne Vega ,Tom's Diner
Silent Circle - Touch in the Night,1,Silent Circle ,Touch in the Night
Porcupine Tree - Trains - Remastered,1,Porcupine Tree ,Trains - Remastered
Luciano - Traube Minze,1,Luciano ,Traube Minze
Betontod - Traum von Freiheit,1,Betontod ,Traum von Freiheit
Tenacious D - Tribute,1,Tenacious D ,Tribute
Genetikk - Trill,1,Genetikk ,Trill
Dr. Peacock - Trip to Hell,1,Dr. Peacock ,Trip to Hell
Alligatoah - Trippersong,1,Alligatoah ,Trippersong
Eivør - Trøllabundin,1,Eivør ,Trøllabundin
Finntroll - Trollhammaren,1,Finntroll ,Trollhammaren
a-ha - True North,1,a-ha ,True North
"David Hasselhoff - True Survivor - From ""Kung Fury""",1,David Hasselhoff ,"True Survivor - From ""Kung Fury"""
Jacques Palminger - Tüdeldub,1,Jacques Palminger ,Tüdeldub
Peter Fox - Tuff Cookie,1,Peter Fox ,Tuff Cookie
BRDigung - Tune In MF,1,BRDigung ,Tune In MF
New Kids - Turbo,1,New Kids ,Turbo
"Das Bo - Türlich, Türlich (Sicher, Dicker)",1,Das Bo ,"Türlich, Türlich (Sicher, Dicker)"
Sylver - Turn the Tide,1,Sylver ,Turn the Tide
Amon Amarth - Twilight Of The Thunder God,1,Amon Amarth ,Twilight Of The Thunder God
Korn - Twist,1,Korn ,Twist
Korn - Twisted Transistor,1,Korn ,Twisted Transistor
Peter Maffay - Über sieben Brücken musst du geh'n,1,Peter Maffay ,Über sieben Brücken musst du geh'n
Jürgen von der Lippe - Und 'nen Bauch hab ich auch - Live,1,Jürgen von der Lippe ,Und 'nen Bauch hab ich auch - Live
Systemabsturz - Und alle so Yeah,1,Systemabsturz ,Und alle so Yeah
Die drei ??? - und der schrullige Millionär - Eingesperrt - Teil 02,1,Die drei ??? ,und der schrullige Millionär - Eingesperrt - Teil 02
Red Hot Chili Peppers - Under the Bridge,1,Red Hot Chili Peppers ,Under the Bridge
Royal Republic - Underwear,1,Royal Republic ,Underwear
Nils Andreas - Une Simple Histoire,1,Nils Andreas ,Une Simple Histoire
Massive Attack - Unfinished Sympathy,1,Massive Attack ,Unfinished Sympathy
Nik Nocturnal - Unholy,1,Nik Nocturnal ,Unholy
Vybz Kartel - Unstoppable,1,Vybz Kartel ,Unstoppable
Muse - Uprising,1,Muse ,Uprising
NEZ - Üsi Art,1,NEZ ,Üsi Art
Heaven Shall Burn - Valhalla,1,Heaven Shall Burn ,Valhalla
Shpat Kasapi - Valle Kosovare,1,Shpat Kasapi ,Valle Kosovare
Kalki - Varanasi - Original Mix,1,Kalki ,Varanasi - Original Mix
Owl City - Verge,1,Owl City ,Verge
Migos - Versace,1,Migos ,Versace
"Isac Saleh - Victory Theme (From ""Gladiator"")",1,Isac Saleh ,"Victory Theme (From ""Gladiator"")"
Udo Jürgens - Vielen Dank Für Die Blumen,1,Udo Jürgens ,Vielen Dank Für Die Blumen
System Of A Down - Violent Pornography,1,System Of A Down ,Violent Pornography
Dicht & Ergreifend - Viva la Vagina,1,Dicht & Ergreifend ,Viva la Vagina
Holstuonarmusigbigbandclub - Vo Mello Bis Ge Schoppornou (Single Version),1,Holstuonarmusigbigbandclub ,Vo Mello Bis Ge Schoppornou (Single Version)
Peter Wackel - Vogellisi,1,Peter Wackel ,Vogellisi
"Torfrock - Volle Granate, Renate",1,Torfrock ,"Volle Granate, Renate"
Wardruna - Voluspá - Skaldic Version,1,Wardruna ,Voluspá - Skaldic Version
Callejon - Von Party zu Party,1,Callejon ,Von Party zu Party
Urfaust - Voodoo Dust,1,Urfaust ,Voodoo Dust
Ernst Molden - Vorstadtcasanova,1,Ernst Molden ,Vorstadtcasanova
Money Boy - VVS,1,Money Boy ,VVS
Rokiczanka - W Moim Ogródecku,1,Rokiczanka ,W Moim Ogródecku
Patent Ochsner - W. Nuss vo Bümpliz,1,Patent Ochsner ,W. Nuss vo Bümpliz
German Band Music - Wadde Hadde Dudde Da?,1,German Band Music ,Wadde Hadde Dudde Da?
Wolfgang Petry - Wahnsinn,1,Wolfgang Petry ,Wahnsinn
Stemmeisen und Zündschnur - Wäldar ka nüd jedar sin,1,Stemmeisen und Zündschnur ,Wäldar ka nüd jedar sin
Pantera - Walk,1,Pantera ,Walk
Dicht & Ergreifend - Wandadoog,1,Dicht & Ergreifend ,Wandadoog
Fat Freddy's Drop - Wandering Eye,1,Fat Freddy's Drop ,Wandering Eye
Björk - Wanderlust,1,Björk ,Wanderlust
Every Time I Die - Wanderlust,1,Every Time I Die ,Wanderlust
Wishbone Ash - Warrior (Live),1,Wishbone Ash ,Warrior (Live)
Manowar - Warriors of the World United - Live,1,Manowar ,Warriors of the World United - Live
Bausa - Was du Liebe nennst,1,Bausa ,Was du Liebe nennst
Rolli und Rita - Was Ist Dein Lieblingsfach?,1,Rolli und Rita ,Was Ist Dein Lieblingsfach?
Kofelgschroa - Wäsche,1,Kofelgschroa ,Wäsche
Maroon - Watch It All Come Down,1,Maroon ,Watch It All Come Down
Falling In Reverse - Watch The World Burn,1,Falling In Reverse ,Watch The World Burn
Erol Alkan & Boys Noize - Waves - Chilly Gonzales Piano Remake,1,Erol Alkan & Boys Noize ,Waves - Chilly Gonzales Piano Remake
Mr. Probz - Waves - Robin Schulz Radio Edit,1,Mr. Probz ,Waves - Robin Schulz Radio Edit
"Geek Music - We Are Number One (From ""Lazy Town"")",1,Geek Music ,"We Are Number One (From ""Lazy Town"")"
Starship - We Built This City,1,Starship ,We Built This City
Billy Joel - We Didn't Start the Fire,1,Billy Joel ,We Didn't Start the Fire
Evil Nine - We Have The Energy,1,Evil Nine ,We Have The Energy
Klangkarussell - We Want Your Soul,1,Klangkarussell ,We Want Your Soul
Twisted Sister - We're Not Gonna Take It,1,Twisted Sister ,We're Not Gonna Take It
Feint - Weavers,1,Feint ,Weavers
Samy Deluxe - Weck mich auf,1,Samy Deluxe ,Weck mich auf
Mad Caddies - Weird Beard,1,Mad Caddies ,Weird Beard
Die Lungauer - Weißer Spritzer-Lied,1,Die Lungauer ,Weißer Spritzer-Lied
"Hubert von Goisern und die Alpinkatzen - Weit, weit weg",1,Hubert von Goisern und die Alpinkatzen ,"Weit, weit weg"
Nathan Evans - Wellerman - Sea Shanty / 220 KID x Billen Ted Remix,1,Nathan Evans ,Wellerman - Sea Shanty / 220 KID x Billen Ted Remix
Baschi - Wenn Das Gott Wüsst,1,Baschi ,Wenn Das Gott Wüsst
Siegfried Arno - Wenn Die Elisabeth Nicht So Schöne Beine Hätt' - 2004 Digital Remaster,1,Siegfried Arno ,Wenn Die Elisabeth Nicht So Schöne Beine Hätt' - 2004 Digital Remaster
Die Bergvagabunden - Wenn wir erklimmen,1,Die Bergvagabunden ,Wenn wir erklimmen
Mike Krüger - Wer Banknoten Nachmacht - Live Remastered 2022,1,Mike Krüger ,Wer Banknoten Nachmacht - Live Remastered 2022
Mike Krüger - Wer Banknoten Nachmacht - Remastered,1,Mike Krüger ,Wer Banknoten Nachmacht - Remastered
Jupp Schmitz - Wer soll das bezahlen?,1,Jupp Schmitz ,Wer soll das bezahlen?
Nikki Nair - Whaa,1,Nikki Nair ,Whaa
Underwater Sound - Whales in the Ocean,1,Underwater Sound ,Whales in the Ocean
Sharon Jones & The Dap-Kings - What If We All Stopped Paying Taxes?,1,Sharon Jones & The Dap-Kings ,What If We All Stopped Paying Taxes?
Iggy - When I Wake Up,1,Iggy ,When I Wake Up
Ronan Keating - When You Say Nothing At All,1,Ronan Keating ,When You Say Nothing At All
No Mercy - Where Do You Go,1,No Mercy ,Where Do You Go
Jefferson Airplane - White Rabbit,1,Jefferson Airplane ,White Rabbit
Montreal - Wie der erste Mensch,1,Montreal ,Wie der erste Mensch
Schädelberg - Wie Insekten in Bernstein,1,Schädelberg ,Wie Insekten in Bernstein
Primordial - Wield Lightning to Split the Sun,1,Primordial ,Wield Lightning to Split the Sun
Rammstein - Wiener Blut,1,Rammstein ,Wiener Blut
Parkway Drive - Wild Eyes,1,Parkway Drive ,Wild Eyes
Periphery - Wildfire,1,Periphery ,Wildfire
Modern Talking - Win the Race,1,Modern Talking ,Win the Race
Antonio Vivaldi - Winter (from The Four Seasons),1,Antonio Vivaldi ,Winter (from The Four Seasons)
Otto Waalkes - Wir haben Grund zum Feiern,1,Otto Waalkes ,Wir haben Grund zum Feiern
Stefan Raab - Wir Kiffen!,1,Stefan Raab ,Wir Kiffen!
Stereo Total - Wir Tanzen im 4-eck,1,Stereo Total ,Wir Tanzen im 4-eck
Anime Allstars - Wir werden siegen (Digimon),1,Anime Allstars ,Wir werden siegen (Digimon)
Red Fang - Wires,1,Red Fang ,Wires
Rammelhof - Wladimir (Put Put Putin),1,Rammelhof ,Wladimir (Put Put Putin)
The Vision Bleak - Wolfmoon,1,The Vision Bleak ,Wolfmoon
Black - Wonderful Life,1,Black ,Wonderful Life
Korn - Word Up!,1,Korn ,Word Up!
Nailbomb - World of Shit,1,Nailbomb ,World of Shit
Ash - Worlds Apart,1,Ash ,Worlds Apart
Miley Cyrus - Wrecking Ball,1,Miley Cyrus ,Wrecking Ball
"Wu-Tang Clan - Wu-Tang Clan Ain't Nuthing ta F' Wit (feat. RZA, Inspectah Deck & Method Man)",1,Wu-Tang Clan ,"Wu-Tang Clan Ain't Nuthing ta F' Wit (feat. RZA, Inspectah Deck & Method Man)"
Montana Kek - Wühlmaus Knopfaugen Lange Nase (Marcel Scorpion Disstrack),1,Montana Kek ,Wühlmaus Knopfaugen Lange Nase (Marcel Scorpion Disstrack)
Die Toten Hosen - Wünsch dir was,1,Die Toten Hosen ,Wünsch dir was
Feuerschwanz - Wunsch ist Wunsch,1,Feuerschwanz ,Wunsch ist Wunsch
Boys Noize - XTC,1,Boys Noize ,XTC
Satori - Yam,1,Satori ,Yam
Usher - Yeah! (feat. Lil Jon & Ludacris),1,Usher ,Yeah! (feat. Lil Jon & Ludacris)
Valdimar - Yfirgefinn,1,Valdimar ,Yfirgefinn
MEUTE - You & Me,1,MEUTE ,You & Me
S3RL - You Are Mine - DJ Edit,1,S3RL ,You Are Mine - DJ Edit
Ice Cube - You Can Do It,1,Ice Cube ,You Can Do It
Phil Collins - You Can't Hurry Love - 2016 Remaster,1,Phil Collins ,You Can't Hurry Love - 2016 Remaster
Miss K8 - You Can't Stop Me,1,Miss K8 ,You Can't Stop Me
Gerry & The Pacemakers - You'll Never Walk Alone,1,Gerry & The Pacemakers ,You'll Never Walk Alone
Florence + The Machine - You've Got The Love - Jamie xx Rework,1,Florence + The Machine ,You've Got The Love - Jamie xx Rework
"Snoop Dogg - Young, Wild & Free (feat. Bruno Mars)",1,Snoop Dogg ,"Young, Wild & Free (feat. Bruno Mars)"
Nicole Scherzinger - Your Love,1,Nicole Scherzinger ,Your Love
Sean Koch - Your Mind Is A Picture,1,Sean Koch ,Your Mind Is A Picture
Dopeman - Yovoy Riddim,1,Dopeman ,Yovoy Riddim
FRAUI - Zäme um d'Wält,1,FRAUI ,Zäme um d'Wält
Zillertaler Schürzenjäger - Zillertaler Hochzeitsmarsch,1,Zillertaler Schürzenjäger ,Zillertaler Hochzeitsmarsch
Götz Widmann - Zöllner Vom Vollzug Abhalten Auf Der A4 - Live,1,Götz Widmann ,Zöllner Vom Vollzug Abhalten Auf Der A4 - Live
Kuno Lauener - Zugle,1,Kuno Lauener ,Zugle
Peter Fox - Zukunft Pink (feat. Inéz),1,Peter Fox ,Zukunft Pink (feat. Inéz)
Slime - Zum Kampf,1,Slime ,Zum Kampf
Dodo - Zürimaa,1,Dodo ,Zürimaa
Jan-Markus Wulff - Zwei Millionen Sterne,1,Jan-Markus Wulff ,Zwei Millionen Sterne
Seryoga - Черный бумер,1,Seryoga ,Черный бумер
Pink Guy - セックス大好き,1,Pink Guy ,セックス大好き